ensgene,SRR1039508,SRR1039509,SRR1039512,SRR1039513,SRR1039516,SRR1039517,SRR1039520,SRR1039521
ENSG00000000003,679,448,873,408,1138,1047,770,572
ENSG00000000005,0,0,0,0,0,0,0,0
ENSG00000000419,467,515,621,365,587,799,417,508
ENSG00000000457,260,211,263,164,245,331,233,229
ENSG00000000460,60,55,40,35,78,63,76,60
ENSG00000000938,0,0,2,0,1,0,0,0
ENSG00000000971,3251,3679,6177,4252,6721,11027,5176,7995
ENSG00000001036,1433,1062,1733,881,1424,1439,1359,1109
ENSG00000001084,519,380,595,493,820,714,696,704
ENSG00000001167,394,236,464,175,658,584,360,269
ENSG00000001460,172,168,264,118,241,210,155,177
ENSG00000001461,2112,1867,5137,2657,2735,2751,2467,2905
ENSG00000001497,524,488,638,357,676,806,493,475
ENSG00000001561,71,51,211,156,23,38,134,172
ENSG00000001617,555,394,905,415,727,697,618,599
ENSG00000001626,10,2,9,2,10,6,5,5
ENSG00000001629,1660,1251,2259,1079,2462,2514,1888,1660
ENSG00000001630,59,54,66,23,84,87,31,59
ENSG00000001631,729,692,943,475,1034,1163,731,744
ENSG00000002016,201,161,256,99,268,257,160,137
ENSG00000002079,3,0,3,1,4,0,0,1
ENSG00000002330,206,174,184,111,194,260,156,177
ENSG00000002549,1459,1294,1317,998,1451,1824,853,1031
ENSG00000002586,7507,7203,9501,6214,10973,12863,6834,7225
ENSG00000002587,2,0,1,0,0,2,0,0
ENSG00000002726,0,0,1,0,0,0,0,0
ENSG00000002745,4,6,22,10,2,1,5,3
ENSG00000002746,151,139,117,65,90,102,86,119
ENSG00000002822,411,303,446,195,445,523,295,300
ENSG00000002834,6314,6364,7831,5809,6677,11970,5766,7825
ENSG00000002919,234,246,298,211,217,376,184,265
ENSG00000002933,1254,1508,636,431,25,27,70,109
ENSG00000003056,1189,947,1266,693,1288,1555,957,899
ENSG00000003096,550,315,557,171,519,284,485,224
ENSG00000003137,124,57,256,63,30,45,194,68
ENSG00000003147,0,0,0,1,1,2,2,0
ENSG00000003249,81,71,207,80,109,112,156,128
ENSG00000003393,769,723,791,540,1115,1509,768,864
ENSG00000003400,98,59,133,72,58,49,96,67
ENSG00000003402,1424,2617,1742,2364,2342,5198,1262,3761
ENSG00000003436,4373,4183,5794,3230,7344,4981,3452,3342
ENSG00000003509,287,280,357,191,386,396,251,248
ENSG00000003756,2368,1748,2694,1327,2647,2520,1996,2073
ENSG00000003987,17,25,25,29,20,51,12,27
ENSG00000003989,47,56,12,3,51,102,18,46
ENSG00000004059,1090,1306,1140,817,1334,1986,1028,1347
ENSG00000004139,86,83,103,51,115,99,82,77
ENSG00000004142,1496,1545,1607,964,1754,2301,1133,1256
ENSG00000004399,4077,4260,3651,1649,5387,5992,2718,2809
ENSG00000004455,1207,1111,1485,767,1497,2274,1017,921
ENSG00000004468,3,1,0,0,3,1,2,1
ENSG00000004478,502,461,551,281,612,659,400,392
ENSG00000004487,1410,989,1492,727,1708,1614,1263,1035
ENSG00000004534,1202,1015,1855,919,1721,1714,1171,1013
ENSG00000004660,95,55,59,35,87,79,154,67
ENSG00000004700,940,1096,1192,766,949,1452,812,1192
ENSG00000004766,492,413,546,337,611,677,435,424
ENSG00000004776,3473,3078,2775,1621,2084,2254,3571,3153
ENSG00000004777,131,112,134,56,91,76,111,71
ENSG00000004779,329,335,494,258,417,572,294,325
ENSG00000004799,81,782,130,1106,235,485,628,3187
ENSG00000004809,0,0,0,0,0,0,0,0
ENSG00000004838,12,11,22,8,12,18,17,6
ENSG00000004846,23,3,70,11,8,9,22,5
ENSG00000004848,0,0,0,0,0,0,0,0
ENSG00000004864,143,117,131,88,227,284,146,129
ENSG00000004866,449,259,772,241,527,502,401,296
ENSG00000004897,1549,1339,1730,1107,1793,2173,1338,1407
ENSG00000004939,0,0,0,0,0,0,0,0
ENSG00000004948,0,0,0,0,0,0,0,0
ENSG00000004961,446,330,531,287,666,604,360,405
ENSG00000004975,1366,1002,1069,516,1237,1061,1020,841
ENSG00000005001,0,0,0,0,0,0,0,0
ENSG00000005007,2158,2266,2436,1518,2341,3310,1964,2495
ENSG00000005020,833,781,715,556,637,827,769,904
ENSG00000005022,1340,1059,1323,785,1294,1450,922,974
ENSG00000005059,215,197,249,177,193,204,211,236
ENSG00000005073,1,0,1,0,1,1,0,0
ENSG00000005075,797,828,1010,529,980,1265,678,682
ENSG00000005100,434,445,487,356,522,695,379,628
ENSG00000005102,1,0,0,0,3,0,0,0
ENSG00000005108,9,7,6,8,9,20,12,15
ENSG00000005156,229,143,242,93,347,409,182,126
ENSG00000005175,347,294,237,123,513,449,345,298
ENSG00000005187,4,6,12,10,9,10,12,6
ENSG00000005189,82,62,88,58,92,53,93,71
ENSG00000005194,413,410,557,352,537,685,355,428
ENSG00000005206,680,586,760,418,748,1049,583,632
ENSG00000005238,805,627,850,396,989,957,596,621
ENSG00000005243,1132,928,1332,755,990,1088,1038,940
ENSG00000005249,220,242,281,317,291,387,209,413
ENSG00000005302,481,523,495,316,496,687,404,379
ENSG00000005339,2639,1917,3135,1491,3225,3957,2378,2557
ENSG00000005379,186,152,122,87,171,311,118,130
ENSG00000005381,4,10,9,1,0,3,6,3
ENSG00000005421,0,0,0,0,1,0,0,0
ENSG00000005436,214,216,282,182,318,422,238,252
ENSG00000005448,229,206,270,152,234,432,166,247
ENSG00000005469,498,379,305,171,626,508,515,472
ENSG00000005471,64,18,60,17,21,18,52,22
ENSG00000005483,1679,1466,1698,1096,2159,2558,1546,1782
ENSG00000005486,768,618,1110,564,1185,1423,763,687
ENSG00000005513,10,2,5,0,5,3,5,7
ENSG00000005700,1069,824,1512,790,1335,1703,1157,1165
ENSG00000005801,200,172,295,136,320,279,197,150
ENSG00000005810,2688,2018,2621,1535,2946,3682,2216,2298
ENSG00000005812,1361,1380,1381,1300,1126,1815,1162,1680
ENSG00000005844,1,0,2,0,1,1,1,0
ENSG00000005882,610,546,740,407,817,774,650,704
ENSG00000005884,708,655,1566,1114,1328,2635,1207,1457
ENSG00000005889,679,593,771,465,857,1115,929,1028
ENSG00000005893,5102,4470,6219,3853,5653,6954,4722,5161
ENSG00000005955,1329,1279,1772,1055,1705,1918,1152,1465
ENSG00000005961,5,11,12,3,7,5,14,10
ENSG00000005981,0,0,0,0,0,0,0,0
ENSG00000006007,1941,1825,2481,1676,2858,3584,1729,2105
ENSG00000006015,517,463,410,191,260,366,410,375
ENSG00000006016,132,95,98,82,79,168,243,263
ENSG00000006025,229,132,278,78,185,97,205,104
ENSG00000006042,2986,2393,3664,2077,3852,4572,2927,3010
ENSG00000006047,0,1,1,0,1,0,3,0
ENSG00000006059,0,0,0,0,0,0,0,0
ENSG00000006062,272,224,274,79,287,177,199,116
ENSG00000006071,0,0,0,0,0,0,0,0
ENSG00000006074,0,0,0,0,0,0,0,1
ENSG00000006075,0,0,0,0,0,0,0,0
ENSG00000006114,1224,711,1310,560,1537,1211,990,742
ENSG00000006116,0,0,0,0,0,0,0,0
ENSG00000006118,513,336,579,254,738,594,380,247
ENSG00000006125,7174,5362,7780,5110,8105,9420,5580,6653
ENSG00000006128,0,4,1,0,0,0,0,0
ENSG00000006194,540,451,583,433,664,844,499,508
ENSG00000006210,5,6,2,3,3,15,12,31
ENSG00000006282,1747,1317,1334,715,1633,1868,1355,1314
ENSG00000006283,113,45,40,5,157,77,80,25
ENSG00000006327,540,348,668,258,720,1360,582,367
ENSG00000006377,0,0,0,0,0,0,0,0
ENSG00000006432,5,4,7,5,12,7,1,2
ENSG00000006451,1791,920,1143,544,1574,1155,1102,801
ENSG00000006453,141,99,207,108,195,219,158,129
ENSG00000006459,430,327,338,289,462,373,438,499
ENSG00000006468,214,94,207,120,171,229,315,263
ENSG00000006530,303,276,344,203,420,467,268,277
ENSG00000006534,875,1108,1391,856,1521,2571,525,843
ENSG00000006555,0,0,0,0,0,0,0,0
ENSG00000006576,924,653,1538,678,1347,1144,1454,1016
ENSG00000006606,3,4,7,1,7,10,2,2
ENSG00000006607,652,733,924,776,674,1458,738,1144
ENSG00000006611,0,0,0,0,0,0,0,0
ENSG00000006625,207,186,216,101,289,333,171,133
ENSG00000006634,98,70,104,48,113,103,96,72
ENSG00000006638,90,47,112,43,75,49,67,52
ENSG00000006652,889,823,1047,586,1581,1768,1178,1097
ENSG00000006659,0,0,0,0,0,0,0,0
ENSG00000006695,166,150,221,130,209,356,139,170
ENSG00000006704,309,221,346,170,330,276,299,331
ENSG00000006712,991,866,1504,715,1575,1480,1054,938
ENSG00000006715,2054,1582,2681,1578,2825,3223,2174,2138
ENSG00000006740,37,26,27,18,38,38,48,55
ENSG00000006744,928,935,1065,617,1090,1344,693,924
ENSG00000006747,3,3,1,0,2,3,2,2
ENSG00000006756,391,295,488,278,541,598,449,562
ENSG00000006757,119,140,175,86,203,221,141,143
ENSG00000006788,4,35,0,1,5,17,0,20
ENSG00000006831,1070,1033,1187,851,1181,1615,878,1102
ENSG00000006837,17,6,13,7,17,13,15,8
ENSG00000007001,3,3,4,0,3,0,1,1
ENSG00000007038,1,0,5,2,0,0,1,4
ENSG00000007047,741,675,840,553,979,1121,700,798
ENSG00000007062,1,0,1,0,0,1,0,0
ENSG00000007080,617,697,698,393,786,1169,473,586
ENSG00000007129,0,0,0,0,0,0,0,0
ENSG00000007168,3191,2910,3808,2388,3809,4813,2846,3212
ENSG00000007171,0,2,0,0,2,2,5,1
ENSG00000007174,0,1,1,0,2,1,1,0
ENSG00000007202,4196,3353,5237,2825,5104,6764,3823,3978
ENSG00000007216,0,0,0,0,0,0,0,0
ENSG00000007237,404,114,309,42,277,144,1343,730
ENSG00000007255,129,145,116,115,139,175,114,101
ENSG00000007264,0,0,0,0,0,1,0,0
ENSG00000007306,0,0,0,0,0,0,0,0
ENSG00000007312,1,2,0,4,5,0,1,2
ENSG00000007314,0,1,2,1,1,0,1,0
ENSG00000007341,138,110,154,77,189,297,144,189
ENSG00000007350,0,0,0,0,0,0,0,0
ENSG00000007372,32,35,27,22,22,38,41,39
ENSG00000007376,281,274,224,122,309,404,218,253
ENSG00000007384,1982,1878,1987,1001,1937,2524,1714,1983
ENSG00000007392,770,591,820,415,836,826,626,613
ENSG00000007402,18,13,12,20,15,10,17,31
ENSG00000007516,5,8,7,5,12,12,7,11
ENSG00000007520,494,464,488,252,487,728,396,436
ENSG00000007541,731,621,682,369,641,1005,557,730
ENSG00000007545,203,207,227,148,248,303,197,191
ENSG00000007866,1474,2063,1696,1375,1246,2207,1123,1765
ENSG00000007908,0,0,0,0,0,0,0,0
ENSG00000007923,561,533,702,393,824,1009,540,549
ENSG00000007933,761,785,2179,1583,224,346,280,284
ENSG00000007944,373,245,522,193,514,445,321,232
ENSG00000007952,10,11,8,9,12,17,4,9
ENSG00000007968,1,4,1,2,0,2,0,0
ENSG00000008018,1669,1479,1787,1096,1633,1970,1340,1398
ENSG00000008056,8,24,25,15,15,24,13,21
ENSG00000008083,277,260,284,220,308,541,227,364
ENSG00000008086,98,90,128,37,142,176,106,93
ENSG00000008118,3,3,9,2,9,4,6,12
ENSG00000008128,32,23,24,10,14,17,30,28
ENSG00000008130,1276,1814,1413,1420,1445,2354,1103,2475
ENSG00000008196,1,1,1,1,0,0,0,0
ENSG00000008197,0,0,0,0,0,0,0,0
ENSG00000008226,9,4,5,2,6,3,5,14
ENSG00000008256,1815,3053,3036,3707,2771,8634,2115,5313
ENSG00000008277,17,14,23,14,21,17,23,16
ENSG00000008282,1874,1763,1958,1647,1894,2700,1835,2144
ENSG00000008283,559,480,612,339,629,837,440,427
ENSG00000008294,2819,2278,3539,2009,3259,3911,2953,2980
ENSG00000008300,62,81,87,49,124,175,72,87
ENSG00000008311,494,949,565,655,451,1037,447,1103
ENSG00000008323,7,12,4,3,11,19,5,5
ENSG00000008324,111,153,85,102,109,146,114,142
ENSG00000008382,81,66,88,49,110,147,69,81
ENSG00000008394,2722,2822,2967,1948,7202,8116,2520,2678
ENSG00000008405,249,261,269,165,277,411,312,253
ENSG00000008438,0,6,1,1,1,1,0,3
ENSG00000008441,13653,9483,13436,6080,12077,11576,12068,9821
ENSG00000008513,2057,1206,1752,588,2655,2319,1624,1090
ENSG00000008516,3,1,3,0,6,5,2,3
ENSG00000008517,277,120,323,97,92,100,290,164
ENSG00000008710,4997,5334,5264,3282,4274,9038,4670,7609
ENSG00000008735,13,21,18,13,18,14,14,26
ENSG00000008838,1228,1002,1320,685,1431,1724,1022,1128
ENSG00000008853,429,487,510,442,513,822,473,828
ENSG00000008869,737,646,780,471,798,947,673,731
ENSG00000008952,4473,4375,5375,3611,5753,8077,4886,5187
ENSG00000008988,12982,11687,13055,6973,11456,13255,9469,9293
ENSG00000009307,14887,12833,19863,11612,19887,22097,13495,14987
ENSG00000009335,2019,2042,2213,1518,2429,3246,1742,2027
ENSG00000009413,4986,9573,5214,7251,5563,10312,4700,11982
ENSG00000009694,20,7,2,2,2,0,1,1
ENSG00000009709,0,0,0,0,0,0,0,0
ENSG00000009724,38,28,66,24,42,41,47,36
ENSG00000009765,0,2,0,1,0,2,0,3
ENSG00000009780,153,209,153,165,147,198,140,206
ENSG00000009790,18,11,15,7,12,14,10,10
ENSG00000009830,425,418,440,295,508,611,374,363
ENSG00000009844,829,672,1049,545,1087,1229,752,820
ENSG00000009950,2,9,1,1,0,0,0,5
ENSG00000009954,2800,2611,3397,1970,3813,3894,2838,2788
ENSG00000010017,1300,1960,1559,1655,1705,2501,1407,2681
ENSG00000010030,28,13,20,8,15,10,17,8
ENSG00000010072,169,141,202,125,212,221,164,156
ENSG00000010165,947,938,1152,605,1030,1122,807,797
ENSG00000010219,200,157,246,110,256,266,172,146
ENSG00000010244,2085,1998,2170,1331,2616,3317,1545,1756
ENSG00000010256,1630,1776,1661,1331,1973,3206,1240,1964
ENSG00000010270,879,803,837,511,961,1038,591,686
ENSG00000010278,3125,3522,3829,3645,2693,5055,3603,5260
ENSG00000010282,0,0,0,0,0,0,0,0
ENSG00000010292,1331,1028,1365,823,1281,1498,1073,1296
ENSG00000010295,1427,1228,1714,820,936,1046,1187,1273
ENSG00000010310,11,5,29,6,23,12,22,12
ENSG00000010318,68,56,80,60,85,70,81,88
ENSG00000010319,1,0,2,0,0,2,0,1
ENSG00000010322,2635,1889,3298,1480,3737,3715,2447,2226
ENSG00000010327,0,0,1,1,0,1,1,1
ENSG00000010361,188,178,236,132,150,191,165,227
ENSG00000010379,0,1,4,1,0,0,0,0
ENSG00000010404,1483,1306,2374,1593,2171,3097,1790,2175
ENSG00000010438,5,5,10,5,17,35,26,19
ENSG00000010539,128,99,139,83,153,177,122,97
ENSG00000010610,31,23,95,49,133,136,24,17
ENSG00000010626,149,107,194,105,169,180,151,113
ENSG00000010671,0,0,0,0,1,1,0,0
ENSG00000010704,513,315,595,327,483,521,462,494
ENSG00000010803,758,686,864,523,966,1042,702,714
ENSG00000010810,1689,1674,1655,933,2496,2859,1318,1466
ENSG00000010818,1654,1096,1795,742,2004,2053,1371,1099
ENSG00000010932,14,20,80,61,0,21,23,23
ENSG00000011007,1184,1093,1130,789,1249,1621,877,1052
ENSG00000011009,452,473,489,292,514,755,391,465
ENSG00000011021,697,581,629,382,667,820,569,714
ENSG00000011028,18210,13395,23978,10779,18026,19714,16880,15349
ENSG00000011052,0,0,0,0,0,0,0,0
ENSG00000011083,0,0,1,1,1,0,0,0
ENSG00000011105,3067,2923,3305,2380,3330,5276,3853,4784
ENSG00000011114,1278,1090,1233,806,1397,1755,1079,1110
ENSG00000011132,186,200,220,115,223,270,164,192
ENSG00000011143,185,132,203,86,145,138,145,131
ENSG00000011198,597,1420,824,1035,1244,1946,576,1692
ENSG00000011201,1,0,1,0,0,0,0,0
ENSG00000011243,675,603,810,369,935,878,604,575
ENSG00000011258,421,279,412,225,487,411,418,360
ENSG00000011260,472,469,375,294,428,561,325,389
ENSG00000011275,1709,1488,1906,1069,2174,2655,1579,1654
ENSG00000011295,399,370,437,331,454,552,372,379
ENSG00000011304,3594,3854,3158,2420,3609,5568,3118,3948
ENSG00000011332,11,8,18,9,12,24,5,7
ENSG00000011347,182,100,161,59,233,148,247,95
ENSG00000011376,561,482,445,268,459,611,346,333
ENSG00000011405,1115,1271,1550,1100,1832,2694,1221,1672
ENSG00000011422,389,349,502,240,340,561,406,397
ENSG00000011426,251,228,250,145,274,313,199,192
ENSG00000011451,1589,1667,1666,925,1689,2141,1405,1415
ENSG00000011454,1872,1815,2408,2249,2322,3745,1846,2501
ENSG00000011465,219586,191767,422752,214062,293318,313112,378834,372489
ENSG00000011478,101,130,131,135,123,252,110,163
ENSG00000011485,789,1106,911,667,1018,1666,672,1110
ENSG00000011523,709,677,1001,557,1008,1240,658,949
ENSG00000011566,880,1189,1295,1207,1359,3045,856,1722
ENSG00000011590,3,6,7,1,1,6,0,0
ENSG00000011600,0,1,4,3,0,0,3,2
ENSG00000011638,958,816,877,683,871,988,921,1011
ENSG00000011677,0,1,0,0,0,0,0,0
ENSG00000012048,322,98,418,95,326,168,265,155
ENSG00000012061,812,747,1105,492,1038,1454,657,713
ENSG00000012124,0,1,0,0,0,1,0,0
ENSG00000012171,1821,940,2266,654,1361,1049,1382,953
ENSG00000012174,713,607,812,516,805,1134,650,709
ENSG00000012211,124,136,127,68,140,181,103,129
ENSG00000012223,0,0,0,1,4,4,0,0
ENSG00000012232,1145,983,1402,889,1597,1982,1109,1281
ENSG00000012504,0,0,0,0,0,0,0,1
ENSG00000012660,2045,1814,2584,2229,2275,3863,1863,2650
ENSG00000012779,0,2,0,0,0,0,0,0
ENSG00000012817,1094,988,1254,628,1392,1414,1,1
ENSG00000012822,4637,5256,6763,4921,6378,8615,4635,7894
ENSG00000012963,572,525,684,380,562,518,571,518
ENSG00000012983,1782,1400,2309,1231,2551,2868,1768,1724
ENSG00000013016,2011,3335,1842,1018,1832,3358,1197,1535
ENSG00000013275,1005,983,1002,660,1096,1429,739,778
ENSG00000013288,3030,2465,4089,2353,4067,5100,2208,2814
ENSG00000013293,268,23,435,56,558,75,562,74
ENSG00000013297,6494,1515,5298,1369,5198,1173,5335,1735
ENSG00000013306,1011,963,1092,558,1323,1505,813,847
ENSG00000013364,8611,7956,8539,5287,7726,10024,6716,8061
ENSG00000013374,1036,1070,1483,951,1550,1816,1031,1298
ENSG00000013375,1031,726,1277,541,1380,1603,1020,798
ENSG00000013392,243,153,301,162,329,333,299,245
ENSG00000013441,2512,2587,2403,2111,3280,3406,2235,2991
ENSG00000013503,248,252,304,168,311,404,202,219
ENSG00000013523,358,299,451,190,486,434,353,289
ENSG00000013561,788,845,960,755,989,1242,676,930
ENSG00000013563,140,110,212,146,255,289,143,137
ENSG00000013573,337,210,254,81,226,205,248,199
ENSG00000013583,1181,1174,1435,1240,1594,2112,987,1548
ENSG00000013588,531,409,920,538,868,635,380,464
ENSG00000013619,795,1112,1211,816,1314,1692,870,1184
ENSG00000013725,0,0,0,0,0,0,0,0
ENSG00000013810,75,88,98,45,58,87,57,63
ENSG00000014123,930,699,995,619,1123,1124,870,837
ENSG00000014138,192,139,217,99,156,177,168,152
ENSG00000014164,585,486,588,296,532,704,259,301
ENSG00000014216,3263,3554,3997,2439,3454,5221,2780,3525
ENSG00000014257,16,11,21,7,15,26,28,6
ENSG00000014641,1613,1303,1876,1058,1834,2022,1274,1262
ENSG00000014824,1160,980,1561,997,1621,2217,1068,1256
ENSG00000014914,590,350,814,396,672,513,702,558
ENSG00000014919,699,559,778,448,785,840,537,524
ENSG00000015133,5,9,4,7,5,8,5,1
ENSG00000015153,185,270,233,203,262,311,173,212
ENSG00000015171,2085,1840,2567,1466,2761,3188,2027,1941
ENSG00000015285,6,5,10,1,10,4,4,1
ENSG00000015413,0,2,0,1,0,7,0,3
ENSG00000015475,274,261,364,214,533,602,251,245
ENSG00000015479,7206,5499,8268,4596,8997,9147,6556,6136
ENSG00000015520,21,4,24,1,70,17,19,1
ENSG00000015532,716,608,760,416,792,1068,574,627
ENSG00000015568,1045,858,1422,729,1817,1734,1235,1051
ENSG00000015592,0,2,0,1,0,1,1,1
ENSG00000015676,1741,1509,1826,1186,1748,2018,1476,1492
ENSG00000016082,0,0,0,0,0,0,0,0
ENSG00000016391,161,21,164,26,70,29,218,58
ENSG00000016402,17,10,12,3,5,1,22,11
ENSG00000016490,0,1,0,0,0,0,1,0
ENSG00000016602,1,0,0,0,0,0,0,0
ENSG00000016864,1544,1449,1854,1220,1483,1726,1590,1684
ENSG00000017260,2832,2074,3156,1862,3269,3477,3117,2715
ENSG00000017373,0,1,1,1,1,2,0,0
ENSG00000017427,1059,877,1364,688,498,279,1051,701
ENSG00000017483,757,348,630,112,555,529,564,260
ENSG00000017621,20,11,26,11,22,24,16,19
ENSG00000017797,2893,3638,2933,2418,3462,5543,2333,4087
ENSG00000018189,1123,809,1195,614,1474,1262,952,779
ENSG00000018236,49,49,35,40,41,61,43,48
ENSG00000018280,8,3,7,3,3,7,5,8
ENSG00000018408,2883,2568,2659,1817,3208,3986,2031,2242
ENSG00000018510,743,713,883,503,903,1310,710,802
ENSG00000018607,0,0,0,0,0,0,1,0
ENSG00000018610,304,235,337,190,337,353,252,250
ENSG00000018625,334,176,2889,841,238,161,521,247
ENSG00000018699,245,209,285,194,324,405,297,254
ENSG00000018869,52,58,71,43,79,77,56,41
ENSG00000019102,1,0,4,7,16,27,4,3
ENSG00000019144,2786,3651,3236,1888,2973,4368,2247,3230
ENSG00000019169,0,2,0,0,0,0,0,0
ENSG00000019186,70,3,9,0,12,2,20,0
ENSG00000019485,183,199,194,122,157,217,141,275
ENSG00000019505,0,0,0,0,0,0,0,0
ENSG00000019549,3302,5290,2847,1591,3859,2979,2231,2289
ENSG00000019582,23,15,100,34,32,23,75,50
ENSG00000019991,1529,909,1319,405,2440,1206,1544,699
ENSG00000019995,1338,2505,1585,1850,2011,3826,1278,2446
ENSG00000020129,1443,929,1280,469,1384,1263,1091,756
ENSG00000020181,9153,5457,9560,3956,9105,11219,9402,7425
ENSG00000020219,0,0,0,0,1,0,1,0
ENSG00000020256,326,284,446,153,413,449,293,235
ENSG00000020426,161,132,238,125,232,292,127,171
ENSG00000020577,2102,3748,1923,2684,2036,5377,1930,5006
ENSG00000020633,123,151,97,65,3,3,113,172
ENSG00000020922,325,279,389,239,378,499,359,363
ENSG00000021300,18,6,18,11,22,19,13,13
ENSG00000021355,536,660,627,512,577,1025,403,717
ENSG00000021461,0,0,0,0,0,0,0,1
ENSG00000021488,2,2,1,0,3,2,0,1
ENSG00000021574,500,475,567,369,518,547,481,552
ENSG00000021645,8,20,42,63,12,40,7,77
ENSG00000021762,1433,1673,1192,771,1376,2276,1014,1515
ENSG00000021776,1111,1014,1230,802,1310,1880,952,1251
ENSG00000021826,397,259,474,216,299,299,355,311
ENSG00000021852,0,0,0,0,0,0,0,0
ENSG00000022267,7354,8775,11436,8544,8584,16109,9346,13964
ENSG00000022277,1404,1281,1676,955,1601,2409,1344,1364
ENSG00000022355,0,0,0,0,0,0,0,0
ENSG00000022556,0,0,1,0,1,1,0,1
ENSG00000022567,134,130,151,97,165,259,131,167
ENSG00000022840,2599,2616,2910,2091,2820,4016,2066,2620
ENSG00000022976,195,122,263,118,209,259,157,159
ENSG00000023041,636,662,749,480,767,968,563,692
ENSG00000023171,70,24,91,33,197,147,82,68
ENSG00000023191,5592,5383,6055,3227,3972,5884,4004,4888
ENSG00000023228,1559,1458,1771,1108,1976,2335,1325,1644
ENSG00000023287,2561,2374,2933,1990,3640,3732,2434,3230
ENSG00000023318,1317,1231,1490,1038,1602,2268,1159,1428
ENSG00000023330,1026,815,1155,522,1528,1441,845,719
ENSG00000023445,62,77,46,32,44,46,39,98
ENSG00000023516,1901,1496,2119,1185,2318,2788,1851,1823
ENSG00000023572,94,104,93,81,84,123,81,70
ENSG00000023608,136,196,234,232,238,495,154,232
ENSG00000023697,474,517,488,364,486,688,388,495
ENSG00000023734,1638,1972,2207,1551,2519,3237,1575,1916
ENSG00000023839,18,21,9,9,14,11,14,22
ENSG00000023892,4,2,6,3,14,8,3,6
ENSG00000023902,636,732,630,497,837,1381,508,637
ENSG00000023909,990,1611,1304,1842,1364,4543,1237,2884
ENSG00000024048,1304,1128,1550,964,1454,1871,1171,1466
ENSG00000024422,10940,11446,13005,7734,14671,19665,9118,10741
ENSG00000024526,26,21,16,8,16,12,17,14
ENSG00000024862,206,229,291,185,256,243,165,239
ENSG00000025039,4,15,6,3,7,8,5,7
ENSG00000025156,307,213,315,146,330,304,220,234
ENSG00000025293,1601,1390,1668,937,1915,1973,1411,1238
ENSG00000025423,232,69,637,56,89,40,245,53
ENSG00000025434,374,454,484,276,456,483,307,392
ENSG00000025708,110,280,87,82,114,309,56,154
ENSG00000025770,423,364,401,194,352,444,294,260
ENSG00000025772,832,555,939,386,1548,1087,623,512
ENSG00000025796,2806,2298,4367,2452,4270,5009,3203,3085
ENSG00000025800,1700,1614,2056,1402,2353,2913,1542,1763
ENSG00000026025,32264,20759,37558,21944,39307,26565,33928,26662
ENSG00000026036,62,41,75,16,33,64,38,31
ENSG00000026103,1013,863,1394,682,1390,1835,1019,967
ENSG00000026297,115,66,139,53,112,121,107,80
ENSG00000026508,19273,12357,25453,14886,24143,26890,23210,20267
ENSG00000026559,24,18,10,2,23,23,23,8
ENSG00000026652,419,316,315,168,532,513,298,306
ENSG00000026751,0,0,0,1,0,0,0,0
ENSG00000026950,1051,472,1135,388,1166,761,763,391
ENSG00000027001,502,347,740,311,649,751,634,439
ENSG00000027075,19,40,62,48,78,177,60,190
ENSG00000027644,2,0,1,0,2,1,0,0
ENSG00000027697,1322,1566,1340,1211,1587,1814,1086,1614
ENSG00000027847,492,381,570,241,511,720,400,356
ENSG00000027869,1,0,1,0,0,1,0,0
ENSG00000028116,155,171,207,133,227,272,179,224
ENSG00000028137,398,575,600,472,288,1006,337,546
ENSG00000028203,991,847,1662,971,1360,1515,1099,1203
ENSG00000028277,70,14,34,3,104,33,34,9
ENSG00000028310,525,481,703,357,692,948,513,509
ENSG00000028528,3488,2805,4378,2386,4248,4770,3301,3315
ENSG00000028839,437,364,514,245,661,532,417,315
ENSG00000029153,242,186,313,164,297,349,241,275
ENSG00000029363,3169,2519,4148,2247,3766,4623,3054,3061
ENSG00000029364,1442,1008,1718,958,1705,1998,1362,1285
ENSG00000029534,59,29,170,78,98,148,84,70
ENSG00000029559,0,0,5,0,0,1,0,0
ENSG00000029639,127,87,125,75,98,166,113,96
ENSG00000029725,1573,1401,1769,1045,1925,2087,1627,1751
ENSG00000029993,518,369,892,362,831,749,632,523
ENSG00000030066,991,835,919,610,1054,1321,905,887
ENSG00000030110,180,182,193,114,205,296,158,155
ENSG00000030304,24,46,31,15,24,29,39,23
ENSG00000030419,208,155,257,152,209,501,183,248
ENSG00000030582,10904,7964,13735,6999,13548,14104,12219,11364
ENSG00000031003,1112,857,1312,746,1239,1646,1096,1263
ENSG00000031081,364,174,425,147,599,489,369,232
ENSG00000031544,2,1,3,6,5,6,5,1
ENSG00000031691,56,54,83,52,115,126,93,113
ENSG00000031698,3342,2305,3980,1564,3815,2943,3310,2169
ENSG00000031823,1780,1238,2312,777,1884,2029,1509,1213
ENSG00000032219,619,566,804,404,777,832,606,750
ENSG00000032389,238,194,295,114,225,352,137,191
ENSG00000032444,1140,1097,1529,927,1440,1899,956,1281
ENSG00000032742,263,144,354,123,321,274,232,144
ENSG00000033011,304,275,363,202,337,469,288,280
ENSG00000033030,370,395,413,249,444,479,336,399
ENSG00000033050,1075,1342,1243,880,1599,2336,929,1135
ENSG00000033100,2131,1719,2559,1515,2747,3922,1923,1953
ENSG00000033122,6,3,12,3,6,7,7,8
ENSG00000033170,1519,1435,2076,1014,2294,1661,1332,1131
ENSG00000033178,957,629,1067,586,1170,1269,905,717
ENSG00000033327,1119,1159,1267,1073,1376,1770,1062,1590
ENSG00000033627,680,964,781,656,723,840,669,964
ENSG00000033800,610,512,822,451,727,830,567,588
ENSG00000033867,2642,1247,3493,1206,3405,1999,3407,1658
ENSG00000034053,104,80,74,33,233,317,39,50
ENSG00000034063,110,73,116,38,111,151,94,30
ENSG00000034152,790,1203,897,944,659,2276,1090,1422
ENSG00000034239,9,6,6,5,12,12,4,1
ENSG00000034510,10829,10179,16055,7516,16784,18635,10966,9693
ENSG00000034533,129,86,131,46,146,116,145,72
ENSG00000034677,761,790,829,566,710,833,689,864
ENSG00000034693,290,191,355,164,433,377,245,182
ENSG00000034713,1316,1377,1415,1165,1397,2074,1113,1470
ENSG00000034971,336,254,1035,621,102,93,422,566
ENSG00000035115,573,360,544,264,652,536,532,361
ENSG00000035141,335,307,373,249,373,475,323,424
ENSG00000035403,11418,16360,17309,15613,10103,26071,12510,24430
ENSG00000035499,27,13,12,2,18,15,10,6
ENSG00000035664,174,491,520,792,161,924,487,1320
ENSG00000035681,1170,833,1287,637,1396,1169,1112,902
ENSG00000035687,756,626,857,552,989,825,777,671
ENSG00000035720,0,0,0,0,0,0,0,0
ENSG00000035862,36898,31612,48710,35384,50093,63221,35647,40512
ENSG00000035928,1120,906,1143,634,1313,1264,1046,984
ENSG00000036054,1296,1211,1181,855,1451,1826,1059,1266
ENSG00000036257,1634,1441,2001,1189,2351,2547,1412,1566
ENSG00000036448,27,23,14,4,69,48,18,21
ENSG00000036473,0,0,0,0,1,0,0,0
ENSG00000036530,29,16,23,11,20,22,39,23
ENSG00000036549,852,680,964,599,1045,1258,769,736
ENSG00000036565,0,0,0,0,0,0,0,0
ENSG00000036672,9,9,10,14,18,21,3,9
ENSG00000036828,0,0,0,0,0,0,0,0
ENSG00000037042,518,429,674,337,638,711,463,419
ENSG00000037241,271,303,295,230,360,487,214,268
ENSG00000037280,2,2,2,0,1,10,0,0
ENSG00000037474,700,678,816,510,1060,1395,600,661
ENSG00000037637,578,568,640,502,638,875,503,777
ENSG00000037749,766,736,888,663,878,1283,746,833
ENSG00000037757,202,196,235,113,245,357,90,100
ENSG00000037897,50,45,75,33,80,111,69,38
ENSG00000037965,7,7,12,4,29,31,58,50
ENSG00000038002,823,464,738,404,504,713,680,533
ENSG00000038210,461,431,417,286,379,448,425,352
ENSG00000038219,2340,1842,2723,1370,3114,3401,2243,2427
ENSG00000038274,1619,1837,1443,1459,1584,2352,1308,2013
ENSG00000038295,12,5,37,9,7,8,0,0
ENSG00000038358,701,642,783,427,837,1085,597,738
ENSG00000038382,6353,5208,7611,3043,6941,8644,6732,5781
ENSG00000038427,9624,6485,11227,3855,10844,10685,9587,8908
ENSG00000038532,667,517,742,381,909,703,648,681
ENSG00000038945,94,53,102,28,341,238,286,200
ENSG00000039068,0,0,0,1,2,3,0,0
ENSG00000039123,1272,1071,1452,882,1407,1662,1131,1092
ENSG00000039139,142,117,304,92,267,435,233,198
ENSG00000039319,1176,881,1213,632,1450,1713,972,900
ENSG00000039523,1138,1257,1036,728,1101,1460,1043,1142
ENSG00000039537,2,16,12,21,34,95,4,20
ENSG00000039560,3717,4005,4846,3934,5125,11347,4062,5151
ENSG00000039600,4,3,4,3,4,8,2,3
ENSG00000039650,437,303,391,153,386,476,291,220
ENSG00000039987,0,1,0,0,0,2,0,2
ENSG00000040199,240,229,296,218,342,486,268,401
ENSG00000040275,231,210,352,122,203,297,215,162
ENSG00000040341,635,448,800,432,760,859,524,593
ENSG00000040487,219,252,219,155,271,373,212,255
ENSG00000040531,462,385,567,306,615,678,502,586
ENSG00000040608,1,1,5,0,1,2,2,0
ENSG00000040633,879,757,849,459,1262,1089,737,569
ENSG00000040731,107,42,108,15,35,6,207,51
ENSG00000040933,751,571,835,519,764,1002,681,654
ENSG00000041353,37,14,17,5,357,91,24,11
ENSG00000041357,1248,1183,1516,952,1467,1477,1081,1000
ENSG00000041515,7,11,5,9,4,20,4,21
ENSG00000041802,438,470,590,348,640,874,444,524
ENSG00000041880,401,402,458,224,379,403,387,367
ENSG00000041982,3318,1037,7317,2925,2468,2221,6527,3678
ENSG00000041988,196,179,242,124,222,253,202,174
ENSG00000042062,1600,1808,1282,656,2182,2609,1118,1378
ENSG00000042088,207,137,235,107,276,207,214,181
ENSG00000042286,457,641,562,467,514,1082,413,720
ENSG00000042304,0,0,1,0,0,0,0,1
ENSG00000042317,233,152,249,138,283,247,218,175
ENSG00000042429,400,362,414,302,450,567,288,375
ENSG00000042445,1289,1137,1676,863,1534,1852,1030,1025
ENSG00000042493,861,866,1124,613,851,1032,1373,1301
ENSG00000042753,1102,1173,1406,839,1207,1949,983,1103
ENSG00000042781,4,0,3,2,6,7,6,3
ENSG00000042813,0,0,0,0,0,0,0,0
ENSG00000042832,13,13,51,21,57,74,22,50
ENSG00000042980,3,4,12,3,13,44,9,17
ENSG00000043039,0,0,0,0,0,0,0,0
ENSG00000043093,702,617,716,504,824,971,585,667
ENSG00000043143,1465,1716,1633,1042,1593,2251,1176,1613
ENSG00000043355,0,0,0,0,0,0,0,0
ENSG00000043462,0,0,0,0,0,0,0,0
ENSG00000043514,221,186,321,155,291,392,208,190
ENSG00000043591,0,0,0,0,0,0,0,0
ENSG00000044012,0,0,0,0,0,0,0,0
ENSG00000044090,1313,753,1650,581,1421,1354,1195,911
ENSG00000044115,7106,6407,9696,5627,8672,12397,7238,8018
ENSG00000044446,321,318,387,245,356,573,322,406
ENSG00000044459,490,373,690,349,790,658,387,349
ENSG00000044524,43,23,35,46,39,35,79,88
ENSG00000044574,16591,13418,19997,7565,16910,41484,10577,7728
ENSG00000046604,17,6,69,31,0,1,63,39
ENSG00000046647,323,347,380,216,364,444,403,379
ENSG00000046651,375,270,557,418,665,1036,688,546
ENSG00000046653,111,324,303,1395,718,5450,250,1075
ENSG00000046774,0,0,1,0,1,1,1,1
ENSG00000046889,78,28,104,29,5,7,16,5
ENSG00000047056,524,525,557,434,550,717,476,618
ENSG00000047188,713,747,713,458,729,1055,662,688
ENSG00000047230,352,249,299,214,353,381,337,356
ENSG00000047249,881,737,969,634,950,1012,754,897
ENSG00000047315,2435,2020,2534,1475,2746,3279,2060,2053
ENSG00000047346,673,541,726,460,746,596,612,722
ENSG00000047365,48,36,145,55,8,11,59,39
ENSG00000047410,4239,3729,5533,3012,5640,6603,4260,4416
ENSG00000047457,7,10,16,16,6,12,13,16
ENSG00000047578,853,602,954,560,987,1091,696,750
ENSG00000047579,244,235,256,159,276,290,227,242
ENSG00000047597,1,0,1,0,0,2,1,4
ENSG00000047617,7,7,15,15,14,20,6,8
ENSG00000047621,451,353,490,193,564,535,358,261
ENSG00000047634,360,444,561,324,428,596,409,483
ENSG00000047644,1184,1395,1735,979,1711,2939,1277,1665
ENSG00000047648,613,644,454,198,399,469,441,476
ENSG00000047662,9,1,7,10,3,11,4,4
ENSG00000047849,15532,14351,19186,11680,19374,24938,12804,15744
ENSG00000047932,1497,1210,1789,893,1830,1764,1362,1286
ENSG00000047936,0,2,1,1,6,3,0,0
ENSG00000048028,535,475,528,323,722,932,474,438
ENSG00000048052,344,220,512,205,587,491,426,323
ENSG00000048140,809,760,914,657,1064,1491,755,916
ENSG00000048162,93,102,112,107,106,247,106,111
ENSG00000048342,1050,742,993,442,1198,968,827,635
ENSG00000048392,1583,1223,1624,952,1606,1802,1360,1337
ENSG00000048405,317,320,340,295,379,579,314,411
ENSG00000048462,0,0,0,0,0,1,1,0
ENSG00000048471,1646,1554,2513,2140,1820,2481,1719,3112
ENSG00000048540,22,58,29,48,61,219,30,54
ENSG00000048544,827,631,962,595,877,1085,685,596
ENSG00000048545,2,2,17,4,10,4,4,0
ENSG00000048649,1536,1289,1731,996,2001,2281,1461,1612
ENSG00000048707,2343,2886,3223,2889,2527,4673,2554,4540
ENSG00000048740,4800,6502,4288,4974,3689,7679,3694,8988
ENSG00000048828,3408,3239,3983,2278,4393,6147,3119,3446
ENSG00000048991,566,467,631,307,734,639,451,423
ENSG00000049089,73,37,103,34,112,83,83,47
ENSG00000049130,2854,1863,3388,1909,4782,5628,2059,2251
ENSG00000049167,182,118,183,75,156,190,125,113
ENSG00000049192,155,134,223,89,249,235,100,57
ENSG00000049239,5730,5511,6852,5162,4823,9033,5349,7229
ENSG00000049245,3167,2808,3839,2689,3846,4867,2826,3343
ENSG00000049246,287,49,304,80,387,85,380,51
ENSG00000049247,0,0,2,0,2,1,0,0
ENSG00000049249,0,0,1,0,1,0,0,0
ENSG00000049283,20,11,16,3,13,13,16,8
ENSG00000049319,0,1,2,0,0,3,0,1
ENSG00000049323,14321,21629,19972,17205,18825,32452,13569,25225
ENSG00000049449,5167,4012,5163,2857,6323,7971,4493,4038
ENSG00000049540,4242,8030,7801,6454,2780,6282,5698,13802
ENSG00000049541,162,113,206,66,148,171,134,113
ENSG00000049618,1978,1556,1760,919,2309,2428,1673,1595
ENSG00000049656,1424,1407,1559,1065,1645,2534,1187,1411
ENSG00000049759,1631,607,2014,368,1927,1476,1526,782
ENSG00000049768,2,2,4,2,2,4,1,3
ENSG00000049769,113,80,110,70,126,103,80,77
ENSG00000049860,3765,2979,5221,3307,5944,6917,4005,4020
ENSG00000049883,197,112,244,114,185,215,157,148
ENSG00000050030,0,0,0,0,0,0,0,0
ENSG00000050130,898,760,1174,734,1252,1459,817,864
ENSG00000050165,12772,12887,20913,13000,18869,27144,15966,21281
ENSG00000050327,302,251,974,540,401,574,447,466
ENSG00000050344,196,156,235,121,347,408,172,198
ENSG00000050393,474,490,513,408,577,823,496,775
ENSG00000050405,6327,5606,13017,5367,12691,15242,8344,5943
ENSG00000050426,971,764,1104,656,1012,934,892,929
ENSG00000050438,46,29,92,55,115,105,55,38
ENSG00000050555,74,44,44,22,164,248,61,47
ENSG00000050628,350,288,515,214,452,363,282,288
ENSG00000050730,2,0,1,0,7,4,0,2
ENSG00000050748,919,768,1032,608,1023,1164,807,850
ENSG00000050767,0,3,0,0,0,1,0,2
ENSG00000050820,1118,1141,1190,619,1423,2325,1022,1054
ENSG00000051009,436,400,494,272,507,569,405,460
ENSG00000051108,1702,2377,2113,2047,2090,3951,1430,2707
ENSG00000051128,407,326,444,195,520,556,440,407
ENSG00000051180,15,37,37,41,26,58,44,66
ENSG00000051341,23,13,25,14,24,13,33,27
ENSG00000051382,296,257,366,295,389,580,284,442
ENSG00000051523,756,799,693,428,551,845,621,784
ENSG00000051596,301,207,458,250,296,322,253,216
ENSG00000051620,988,1166,1174,910,1250,1800,934,1343
ENSG00000051825,272,173,313,148,290,242,240,172
ENSG00000052126,1499,1105,1784,926,2218,1721,1275,1178
ENSG00000052344,0,0,0,0,1,0,0,0
ENSG00000052723,767,637,850,485,775,924,665,622
ENSG00000052749,270,255,315,188,416,565,287,247
ENSG00000052795,474,469,501,336,704,871,488,604
ENSG00000052802,376,283,433,237,307,364,258,241
ENSG00000052841,2150,1825,2627,1423,3038,3090,2171,2147
ENSG00000052850,9,0,4,0,0,6,64,22
ENSG00000053108,0,0,0,0,0,0,0,0
ENSG00000053254,3595,3488,3253,2995,4266,5333,2870,4724
ENSG00000053328,23,8,23,6,2,3,12,10
ENSG00000053371,986,907,985,603,963,1218,835,912
ENSG00000053372,302,318,375,253,369,616,314,320
ENSG00000053438,40,42,32,20,21,24,70,38
ENSG00000053501,328,276,381,165,331,368,273,246
ENSG00000053524,4,10,1,1,7,7,5,6
ENSG00000053702,29,28,50,25,43,44,44,33
ENSG00000053747,927,1358,513,951,1378,2127,793,1647
ENSG00000053770,514,430,644,346,620,763,438,478
ENSG00000053900,549,487,638,362,580,732,525,548
ENSG00000053918,0,1,0,0,1,0,0,0
ENSG00000054116,724,718,823,488,784,1033,673,671
ENSG00000054118,2878,2240,3505,1754,3654,3745,2777,2475
ENSG00000054148,1118,873,917,370,891,1070,654,515
ENSG00000054179,2,0,4,0,1,1,4,1
ENSG00000054219,6,5,8,14,4,16,15,26
ENSG00000054267,1070,852,1342,685,1411,1523,989,1048
ENSG00000054277,128,142,74,98,85,199,112,200
ENSG00000054282,444,327,582,277,629,464,662,555
ENSG00000054356,32,28,17,5,14,4,21,10
ENSG00000054392,106,79,128,67,136,104,89,91
ENSG00000054523,1556,1481,1666,1122,1707,2079,1343,1671
ENSG00000054598,449,337,412,237,615,701,613,496
ENSG00000054611,606,508,752,401,654,869,528,589
ENSG00000054654,1901,1083,1976,1275,1455,2043,1389,2402
ENSG00000054690,19,12,9,1,14,18,11,6
ENSG00000054793,2737,2052,3503,2370,3298,5126,3244,3924
ENSG00000054796,0,0,0,0,1,0,0,0
ENSG00000054803,0,0,0,0,0,0,0,0
ENSG00000054938,88,23,146,15,196,117,152,70
ENSG00000054965,1801,1321,2109,938,2075,2151,1676,1496
ENSG00000054967,16,7,7,6,13,20,17,9
ENSG00000054983,654,666,702,480,753,1091,470,649
ENSG00000055044,499,481,554,386,592,867,455,438
ENSG00000055070,2181,2026,2615,1612,2493,4055,1972,2469
ENSG00000055118,54,17,22,1,2,1,11,16
ENSG00000055130,1165,1306,1255,838,1456,2238,1117,1271
ENSG00000055147,561,476,623,359,581,825,433,445
ENSG00000055163,533,211,392,95,479,313,241,143
ENSG00000055208,1631,1330,1817,1198,2140,2503,1357,1621
ENSG00000055211,1911,1942,2875,2121,2576,3516,2011,2506
ENSG00000055332,2158,1606,2168,1134,2337,2572,1802,1659
ENSG00000055483,892,907,811,541,841,1160,772,855
ENSG00000055609,2294,1682,2112,995,2603,2717,2051,1972
ENSG00000055732,145,131,116,51,116,99,108,65
ENSG00000055813,21,9,44,4,7,5,59,27
ENSG00000055917,2309,2042,2321,1576,2531,3165,2104,2497
ENSG00000055950,637,474,680,330,625,821,447,475
ENSG00000055955,1,2,1,0,0,4,2,0
ENSG00000055957,0,0,0,0,1,0,0,0
ENSG00000056050,348,304,311,191,440,365,295,255
ENSG00000056097,2521,2472,3222,2071,3872,4988,2561,3010
ENSG00000056277,182,123,185,55,263,247,139,121
ENSG00000056291,0,0,0,0,0,0,1,0
ENSG00000056487,0,0,0,0,0,0,0,0
ENSG00000056558,182,253,279,163,171,216,203,260
ENSG00000056586,1130,1237,1480,1131,1500,2217,1086,1478
ENSG00000056661,634,500,887,398,927,864,578,487
ENSG00000056678,0,0,0,0,0,0,0,0
ENSG00000056736,103,46,108,30,83,49,122,61
ENSG00000056972,465,465,485,338,694,840,352,527
ENSG00000056998,232,227,311,180,301,510,211,263
ENSG00000057019,2252,1854,2439,1442,3572,3982,2283,2191
ENSG00000057149,0,0,0,0,0,0,0,0
ENSG00000057252,967,1379,969,1012,1091,1687,1016,1661
ENSG00000057294,12,57,9,11,1,14,3,7
ENSG00000057468,5,2,2,1,5,2,9,6
ENSG00000057593,3,6,11,7,1,9,4,4
ENSG00000057608,3670,3041,3815,2234,3766,4671,2961,3003
ENSG00000057657,118,129,163,251,175,467,88,331
ENSG00000057663,516,534,557,461,619,857,503,542
ENSG00000057704,16,31,15,25,9,12,16,23
ENSG00000057757,502,408,565,365,624,632,488,467
ENSG00000057935,810,620,1002,487,1098,1093,826,775
ENSG00000058056,349,347,400,356,475,741,386,469
ENSG00000058063,1315,1538,1687,1190,1633,2356,1504,2105
ENSG00000058085,52,93,66,61,63,115,35,89
ENSG00000058091,1280,983,1486,920,1704,1843,1288,1484
ENSG00000058262,10534,7508,12744,5762,11814,13261,9740,7216
ENSG00000058272,1498,1502,1766,1350,1842,2698,1290,1695
ENSG00000058335,1,0,2,3,3,4,0,0
ENSG00000058404,3,1,2,2,0,2,5,0
ENSG00000058453,644,609,567,312,648,807,628,646
ENSG00000058600,460,526,523,329,553,719,386,512
ENSG00000058668,9975,7392,16375,7484,12933,17286,10602,9607
ENSG00000058673,4157,3466,4268,2728,4541,5106,3541,3634
ENSG00000058729,339,292,424,219,477,495,326,282
ENSG00000058799,333,391,507,388,528,806,354,470
ENSG00000058804,279,227,323,191,282,364,246,174
ENSG00000058866,1,0,0,0,0,0,0,0
ENSG00000059122,1427,1301,1726,922,1046,1032,1255,1466
ENSG00000059145,633,667,697,475,714,970,551,741
ENSG00000059377,11,20,12,5,28,16,13,10
ENSG00000059378,251,240,256,199,295,320,203,212
ENSG00000059573,1754,1075,1761,731,1914,2299,1500,961
ENSG00000059588,415,250,466,235,374,464,379,253
ENSG00000059691,379,266,421,208,462,403,302,294
ENSG00000059728,230,165,208,139,212,200,178,171
ENSG00000059758,862,691,1016,427,1155,1149,860,651
ENSG00000059769,229,177,308,199,366,534,225,250
ENSG00000059804,1408,970,1166,676,1455,2388,1019,981
ENSG00000059915,148,110,135,65,218,229,151,95
ENSG00000060069,496,460,463,328,557,900,383,478
ENSG00000060138,4423,5386,4298,3676,5155,6862,3326,5840
ENSG00000060140,1,0,3,0,2,4,0,1
ENSG00000060237,5219,4067,6279,3355,7282,7793,5193,5254
ENSG00000060303,3,2,0,0,1,0,1,1
ENSG00000060339,1521,1485,1548,994,2412,2357,1409,1459
ENSG00000060491,1256,1199,1153,654,1128,1485,935,1088
ENSG00000060558,0,0,1,0,0,0,0,0
ENSG00000060566,0,0,1,0,0,0,0,0
ENSG00000060642,244,250,401,265,309,395,264,364
ENSG00000060656,400,399,500,235,365,612,316,366
ENSG00000060688,460,411,541,289,599,706,428,392
ENSG00000060709,0,0,2,0,2,0,0,0
ENSG00000060718,56,228,286,722,77,549,97,678
ENSG00000060749,1143,807,1109,591,1254,1499,1087,975
ENSG00000060762,281,314,323,280,260,378,227,341
ENSG00000060971,487,530,615,382,625,680,437,473
ENSG00000060982,1962,1650,2613,1524,2427,3210,2945,2936
ENSG00000061273,2487,3251,2742,2217,2285,4049,2193,3620
ENSG00000061337,93,30,125,31,92,74,76,41
ENSG00000061455,1182,952,1038,604,1056,999,593,774
ENSG00000061492,0,0,0,0,0,0,0,0
ENSG00000061656,65,75,122,50,92,202,76,123
ENSG00000061676,5065,4904,5456,4421,6390,8569,5264,6190
ENSG00000061794,500,540,598,448,635,804,516,596
ENSG00000061918,1758,2052,1875,1197,1542,1091,1746,1598
ENSG00000061936,825,692,1012,513,961,1050,774,778
ENSG00000061938,643,515,523,238,594,584,469,425
ENSG00000061987,1337,1105,1611,824,1644,1957,1271,1146
ENSG00000062038,1,0,1,1,1,4,1,1
ENSG00000062096,1,0,0,0,1,0,0,1
ENSG00000062194,1159,865,1316,712,1303,1412,1065,944
ENSG00000062282,13,15,10,5,43,31,18,11
ENSG00000062370,118,136,149,90,142,184,105,125
ENSG00000062485,1794,1621,1908,1074,2161,2142,1474,1437
ENSG00000062524,3,4,0,0,2,2,2,1
ENSG00000062582,20,9,10,5,22,20,8,11
ENSG00000062598,1196,1256,1252,870,1353,1558,1078,1247
ENSG00000062650,1039,946,1299,792,1360,1761,1002,1077
ENSG00000062716,2508,3351,3109,2738,3205,4799,2011,3166
ENSG00000062725,1809,1445,1815,1219,2493,2412,1593,1490
ENSG00000062822,159,112,135,45,159,172,110,87
ENSG00000063015,0,2,2,1,3,3,3,0
ENSG00000063046,11641,10304,12853,7771,12860,13259,9257,9505
ENSG00000063127,30,16,35,16,43,30,47,15
ENSG00000063169,219,267,250,196,247,436,193,258
ENSG00000063176,223,206,289,203,267,330,182,189
ENSG00000063177,9957,9400,9726,4222,9042,10363,6666,6732
ENSG00000063180,78,51,169,83,142,105,140,90
ENSG00000063241,416,338,416,197,454,616,298,280
ENSG00000063244,2283,1695,2440,1004,2493,2921,1839,1634
ENSG00000063245,2553,2577,2576,1515,2335,3240,1784,2182
ENSG00000063322,1281,1136,1558,949,1515,1831,1234,1407
ENSG00000063438,492,345,803,318,957,986,832,528
ENSG00000063515,0,0,0,0,0,0,0,0
ENSG00000063587,551,639,553,355,630,924,449,659
ENSG00000063601,727,624,819,474,853,976,654,689
ENSG00000063660,6139,3359,6541,2403,4979,5816,4310,3524
ENSG00000063761,107,102,128,64,138,126,113,102
ENSG00000063854,315,306,401,279,324,464,336,431
ENSG00000063978,1132,1011,1305,793,1410,1659,1022,1061
ENSG00000064012,339,220,443,224,432,468,323,319
ENSG00000064042,495,313,465,226,549,821,259,329
ENSG00000064102,398,366,434,234,547,641,292,291
ENSG00000064115,1220,1379,1249,1457,1145,2149,872,2041
ENSG00000064195,0,0,0,0,0,0,0,0
ENSG00000064199,58,44,115,73,111,129,91,81
ENSG00000064201,37,12,20,5,28,8,23,7
ENSG00000064205,1468,493,4508,1566,3316,2107,1753,1004
ENSG00000064218,0,0,0,0,0,0,0,0
ENSG00000064225,30,11,50,19,42,44,39,30
ENSG00000064270,1,4,0,1,3,6,4,1
ENSG00000064300,1,5,2,0,2,4,0,0
ENSG00000064309,579,103,600,141,330,245,698,165
ENSG00000064313,755,667,846,552,949,1205,740,755
ENSG00000064393,2170,2889,2128,1627,2629,4883,1978,3226
ENSG00000064419,1189,965,1390,749,1527,1664,1121,1125
ENSG00000064489,0,1,0,1,1,2,0,0
ENSG00000064490,266,267,369,188,357,435,224,224
ENSG00000064545,357,307,304,169,331,509,259,284
ENSG00000064547,30,28,47,19,61,67,37,39
ENSG00000064601,6812,4712,9597,4555,9453,9436,7527,6497
ENSG00000064607,1264,1163,1461,676,1469,1619,1076,942
ENSG00000064651,367,425,636,331,541,617,528,530
ENSG00000064652,213,260,237,210,306,508,191,295
ENSG00000064655,63,59,202,109,69,91,105,121
ENSG00000064666,5592,7621,8185,7553,7064,18338,5931,9340
ENSG00000064687,159,92,252,65,241,174,145,86
ENSG00000064692,98,45,77,14,29,6,51,20
ENSG00000064703,301,326,369,254,373,598,241,283
ENSG00000064726,1788,1645,2454,1550,2595,3474,1686,1876
ENSG00000064763,197,287,244,190,352,464,225,273
ENSG00000064787,3,1,14,1,1,0,12,3
ENSG00000064835,0,0,0,0,0,0,0,1
ENSG00000064886,1051,1227,1535,797,2099,2230,1066,879
ENSG00000064932,1310,1259,1170,725,1205,1982,855,1169
ENSG00000064933,327,453,384,349,397,725,391,451
ENSG00000064961,1081,1058,1126,697,1275,1708,902,1196
ENSG00000064989,64,37,49,15,55,48,24,17
ENSG00000064995,192,167,257,146,184,286,181,167
ENSG00000064999,607,592,823,547,813,948,606,735
ENSG00000065000,4182,3404,4526,2498,5005,6072,3371,3530
ENSG00000065029,426,376,562,298,589,623,413,404
ENSG00000065054,925,679,906,369,1068,1788,955,754
ENSG00000065057,93,86,116,52,115,143,91,74
ENSG00000065060,402,303,429,223,481,504,322,341
ENSG00000065135,1977,1642,1783,1289,1912,2458,1644,1719
ENSG00000065150,4331,3368,5104,2861,4661,5337,4973,4125
ENSG00000065154,2977,2765,3537,2170,2897,3550,2832,2898
ENSG00000065183,500,403,529,306,563,790,406,437
ENSG00000065243,1447,1256,1463,938,1662,1990,1228,1386
ENSG00000065268,337,331,270,139,278,529,220,261
ENSG00000065308,9723,9710,10219,7105,11266,14939,8476,9892
ENSG00000065320,4671,5628,4696,3591,2034,3722,3401,5368
ENSG00000065325,2,8,3,0,11,12,0,0
ENSG00000065328,7,5,6,4,12,8,8,5
ENSG00000065357,1058,898,1175,589,1134,1238,815,848
ENSG00000065361,5,3,45,26,14,29,16,29
ENSG00000065371,1,0,0,0,0,0,0,0
ENSG00000065413,91,58,151,101,178,167,146,159
ENSG00000065427,1919,1948,2286,1237,2309,3054,1447,1527
ENSG00000065457,267,237,328,154,358,318,236,203
ENSG00000065485,737,586,873,449,815,925,884,740
ENSG00000065491,348,262,374,161,412,342,315,227
ENSG00000065518,761,568,935,454,1077,1083,690,594
ENSG00000065526,1174,1612,1208,1079,1379,2144,1020,2002
ENSG00000065534,16718,16120,26734,14932,21127,28377,15489,14970
ENSG00000065548,828,710,962,536,1070,1192,743,616
ENSG00000065559,609,537,627,418,784,916,511,632
ENSG00000065600,83,75,110,59,125,108,97,80
ENSG00000065609,1,0,0,0,0,1,0,2
ENSG00000065613,1647,1471,1695,1184,1871,2327,1668,1809
ENSG00000065615,362,272,315,167,374,417,224,230
ENSG00000065618,1,1,1,0,3,2,2,2
ENSG00000065621,18,26,106,49,73,75,43,50
ENSG00000065665,147,101,158,69,204,165,145,103
ENSG00000065675,1,0,0,3,1,2,0,0
ENSG00000065717,256,428,154,134,178,431,156,220
ENSG00000065802,1138,1160,1164,796,1144,1845,1076,1368
ENSG00000065809,2677,1319,4865,1112,3015,2180,2546,1217
ENSG00000065833,793,504,873,381,1327,778,616,388
ENSG00000065882,563,732,800,760,752,1370,655,873
ENSG00000065883,1151,1063,1234,810,1421,1768,1015,1217
ENSG00000065911,438,481,493,446,437,336,508,687
ENSG00000065923,301,180,702,223,647,754,438,342
ENSG00000065970,795,720,809,489,868,946,704,781
ENSG00000065978,11417,9910,12397,6807,11585,13198,9340,8559
ENSG00000065989,696,734,672,446,810,1084,632,754
ENSG00000066027,685,602,726,653,761,1018,690,779
ENSG00000066032,0,0,0,0,0,0,0,0
ENSG00000066044,1141,958,1197,699,1200,1599,960,1037
ENSG00000066056,0,2,1,1,0,2,1,0
ENSG00000066084,1159,774,1019,557,1329,1209,968,944
ENSG00000066117,832,818,895,519,1073,1123,679,770
ENSG00000066135,977,700,1050,503,1089,1031,825,692
ENSG00000066136,399,305,488,211,526,511,410,338
ENSG00000066185,17,10,36,9,18,21,9,10
ENSG00000066230,52,59,73,21,35,31,26,31
ENSG00000066248,0,1,3,0,0,1,10,8
ENSG00000066279,95,70,228,75,184,129,123,87
ENSG00000066294,0,0,0,0,0,0,0,0
ENSG00000066322,926,1125,961,811,965,1739,793,1119
ENSG00000066336,0,0,2,1,1,1,3,0
ENSG00000066379,67,71,58,24,56,61,78,53
ENSG00000066382,14,11,12,2,0,0,26,8
ENSG00000066405,15,19,18,7,17,28,19,6
ENSG00000066422,531,315,577,297,518,566,491,377
ENSG00000066427,369,259,425,282,407,405,315,352
ENSG00000066455,1247,1151,1754,954,1759,2101,1173,1225
ENSG00000066468,74,9,42,7,8,5,71,13
ENSG00000066557,370,283,316,216,378,449,272,266
ENSG00000066583,415,338,289,174,280,345,266,263
ENSG00000066629,2664,2225,2969,1769,3331,4912,2765,2884
ENSG00000066651,219,161,285,162,234,235,258,246
ENSG00000066654,780,663,904,536,886,995,689,680
ENSG00000066697,731,393,615,260,930,632,615,387
ENSG00000066735,5,3,5,0,0,0,5,6
ENSG00000066739,1556,1160,1556,856,1627,1663,1443,1351
ENSG00000066777,1571,1346,1717,1108,1922,2279,1463,1705
ENSG00000066813,0,0,0,0,0,0,0,0
ENSG00000066827,247,138,248,95,306,310,191,159
ENSG00000066855,264,308,267,238,324,430,283,363
ENSG00000066923,118,94,154,96,150,177,100,116
ENSG00000066926,473,375,533,316,612,674,471,450
ENSG00000066933,1048,954,1056,647,1210,1565,933,1080
ENSG00000067048,1507,1219,1376,871,1801,2351,0,2
ENSG00000067057,2243,1617,2208,859,2483,5481,2191,1812
ENSG00000067064,457,368,364,234,368,413,256,286
ENSG00000067066,1989,1707,2562,1597,2579,2645,1921,2185
ENSG00000067082,2245,3604,2420,2925,2369,5061,1799,5407
ENSG00000067113,1431,907,1556,544,1767,776,1862,859
ENSG00000067141,1143,728,1534,776,1110,1096,1204,1083
ENSG00000067167,6641,8318,10225,8214,10081,21398,6504,9937
ENSG00000067177,220,443,493,490,480,719,330,781
ENSG00000067182,4009,3612,4233,2756,4630,4962,3308,3971
ENSG00000067191,130,122,158,114,134,192,122,135
ENSG00000067208,618,701,865,612,752,961,632,698
ENSG00000067221,324,224,437,172,356,394,315,244
ENSG00000067225,25702,17505,29223,12825,31058,33260,19597,13526
ENSG00000067248,1252,1116,1324,727,1364,1704,1058,969
ENSG00000067334,746,626,951,618,1015,1361,666,714
ENSG00000067365,365,356,357,213,398,437,235,284
ENSG00000067369,2496,1312,2650,857,2971,1959,2061,1358
ENSG00000067445,817,496,930,260,1005,712,759,471
ENSG00000067533,199,212,305,198,278,375,218,210
ENSG00000067560,8212,7827,12108,7753,10619,14019,8096,8828
ENSG00000067596,961,926,1335,707,1292,1469,988,1120
ENSG00000067601,22,18,28,14,34,24,20,24
ENSG00000067606,6,9,11,8,11,9,6,6
ENSG00000067646,372,334,373,290,387,587,0,1
ENSG00000067704,2785,2353,2945,1998,3369,4352,2443,2817
ENSG00000067715,5,1,9,7,53,56,1,4
ENSG00000067798,257,309,312,973,330,2310,165,1151
ENSG00000067829,769,707,816,405,922,996,646,616
ENSG00000067836,177,174,263,161,201,207,190,197
ENSG00000067840,16,13,15,6,30,28,16,11
ENSG00000067842,3,0,4,0,7,6,4,0
ENSG00000067900,1968,2491,2437,2302,2680,4472,2092,3126
ENSG00000067955,557,578,476,506,575,817,515,702
ENSG00000067992,64,47,81,47,50,99,45,81
ENSG00000068001,460,340,541,254,567,550,400,364
ENSG00000068024,505,427,513,296,635,876,538,635
ENSG00000068028,709,813,695,573,580,1017,712,918
ENSG00000068078,17,22,8,4,3,7,10,13
ENSG00000068079,412,389,446,280,382,639,282,355
ENSG00000068097,387,337,556,237,456,527,331,352
ENSG00000068120,838,842,960,609,965,1332,656,898
ENSG00000068137,463,481,497,200,405,449,366,344
ENSG00000068305,1113,1333,1545,1360,1525,2417,1304,2051
ENSG00000068308,1373,1325,1609,1067,1580,1981,1123,1384
ENSG00000068323,2117,1919,2589,1425,2909,2691,2016,1989
ENSG00000068354,292,273,336,167,336,359,244,259
ENSG00000068366,3811,2557,3565,1721,7062,6464,3548,2831
ENSG00000068383,540,1140,952,1581,561,1707,863,2246
ENSG00000068394,342,288,373,246,409,441,286,310
ENSG00000068400,559,509,731,404,785,794,467,509
ENSG00000068438,450,355,450,224,478,690,321,361
ENSG00000068489,103,64,79,49,111,111,86,71
ENSG00000068615,1,0,0,0,0,0,0,1
ENSG00000068650,923,722,1059,505,1096,1443,862,988
ENSG00000068654,1045,938,1353,873,1233,2000,1027,1083
ENSG00000068697,8932,6885,9481,4746,11514,11576,8497,6917
ENSG00000068724,943,746,1282,674,903,1139,956,956
ENSG00000068745,944,630,1148,532,970,760,735,771
ENSG00000068781,0,0,0,2,1,0,1,3
ENSG00000068784,349,221,383,131,394,370,283,166
ENSG00000068793,2789,2489,3333,2229,3345,4731,2763,3198
ENSG00000068796,595,501,712,322,775,912,484,502
ENSG00000068831,36,99,78,125,28,223,32,157
ENSG00000068878,1400,1439,1576,1137,1845,2058,1336,1648
ENSG00000068885,653,441,769,445,781,711,686,495
ENSG00000068903,1301,1083,1291,700,1419,1311,1093,1148
ENSG00000068912,1619,1613,2297,1510,2075,2757,1668,1984
ENSG00000068971,484,500,516,267,554,861,392,413
ENSG00000068976,33,10,62,12,13,19,27,20
ENSG00000068985,0,0,0,0,0,0,0,0
ENSG00000069011,160,112,91,30,14,21,191,121
ENSG00000069018,0,0,0,0,0,0,0,0
ENSG00000069020,1067,526,1319,352,1268,1082,878,575
ENSG00000069122,0,0,1,0,21,44,0,2
ENSG00000069188,13,10,17,5,9,6,20,15
ENSG00000069206,0,0,0,0,0,0,0,0
ENSG00000069248,1126,999,1255,822,1201,1524,1005,1255
ENSG00000069275,4687,3023,5253,2457,5370,6280,4130,3467
ENSG00000069329,3378,2523,3562,1825,3568,3764,3053,2653
ENSG00000069345,1258,1158,1352,956,1505,1793,1169,1202
ENSG00000069399,403,335,570,165,552,380,346,239
ENSG00000069424,164,170,211,137,176,245,172,214
ENSG00000069431,435,769,688,863,438,1125,769,1537
ENSG00000069482,5,2,7,2,12,9,5,2
ENSG00000069493,43,37,66,71,67,81,64,63
ENSG00000069509,141,137,193,126,179,225,122,147
ENSG00000069535,232,310,373,425,94,705,306,679
ENSG00000069667,501,578,429,308,499,909,454,666
ENSG00000069696,8,8,3,5,6,6,4,6
ENSG00000069702,3761,4071,4226,2816,4863,3744,3063,4531
ENSG00000069712,155,117,231,156,191,263,139,166
ENSG00000069764,2,3,4,2,4,6,3,5
ENSG00000069812,5,3,4,0,2,0,5,0
ENSG00000069849,1351,1523,1993,1315,2254,2816,1377,1373
ENSG00000069869,998,1169,1070,631,1382,1786,829,1149
ENSG00000069943,225,159,240,163,308,414,233,237
ENSG00000069956,1032,784,1039,560,1178,1248,833,753
ENSG00000069966,511,429,567,300,502,580,485,549
ENSG00000069974,571,775,706,378,846,1067,548,657
ENSG00000069998,391,538,337,249,414,1153,338,368
ENSG00000070010,652,688,585,397,544,707,441,460
ENSG00000070018,2170,1243,2385,1055,1986,1699,2457,1910
ENSG00000070019,3,2,4,3,3,2,1,4
ENSG00000070031,3,1,2,2,1,2,2,4
ENSG00000070047,986,963,946,551,1018,1544,784,957
ENSG00000070061,1080,896,1072,601,1034,1425,814,894
ENSG00000070081,1699,1029,2349,981,2293,1970,1760,1389
ENSG00000070087,2390,1666,2847,1415,2746,2704,2283,1663
ENSG00000070159,49,67,37,31,128,278,36,59
ENSG00000070182,8,4,13,3,7,13,8,14
ENSG00000070190,1,2,1,3,0,1,0,0
ENSG00000070193,323,102,71,19,222,110,88,42
ENSG00000070214,2812,3118,3553,2884,4116,4940,3019,4098
ENSG00000070269,458,293,521,237,440,481,327,308
ENSG00000070366,1787,1343,2181,1018,2049,1818,1762,1474
ENSG00000070367,1396,1197,1494,840,1581,2004,1207,1153
ENSG00000070371,170,198,211,197,223,398,146,214
ENSG00000070388,1,9,3,8,1,12,1,11
ENSG00000070404,1130,4307,1064,1957,703,2510,980,3624
ENSG00000070413,2793,2156,2799,1620,2337,2997,1986,2553
ENSG00000070423,299,351,286,182,339,542,265,330
ENSG00000070444,670,683,607,356,729,811,484,620
ENSG00000070476,353,384,397,292,349,464,337,470
ENSG00000070495,247,354,255,174,355,569,198,280
ENSG00000070501,132,75,140,75,175,164,101,89
ENSG00000070526,0,0,0,0,0,0,0,0
ENSG00000070540,2534,4392,2433,2768,4028,6779,1622,4063
ENSG00000070601,0,0,0,0,0,1,0,0
ENSG00000070610,726,877,736,559,865,1290,554,829
ENSG00000070614,5984,6705,10638,5620,7430,13597,6840,8308
ENSG00000070669,597,297,724,231,548,343,553,229
ENSG00000070718,439,278,535,270,514,427,448,302
ENSG00000070729,0,0,0,0,0,0,0,0
ENSG00000070731,20,11,10,11,9,7,13,30
ENSG00000070748,0,0,0,0,0,0,0,0
ENSG00000070756,20258,18600,23722,12260,23673,24039,16983,17766
ENSG00000070759,107,62,138,65,120,81,123,102
ENSG00000070761,332,254,299,147,360,361,246,224
ENSG00000070770,1483,1113,1558,893,1795,1752,1313,1277
ENSG00000070778,1318,1150,1492,998,1542,2007,1293,1554
ENSG00000070785,270,264,368,192,352,357,264,235
ENSG00000070808,38,8,38,7,60,14,33,3
ENSG00000070814,746,703,803,329,1081,1255,616,537
ENSG00000070831,3556,3190,4081,2661,4259,5446,2901,3026
ENSG00000070882,1510,778,2067,445,2004,1115,1014,465
ENSG00000070886,0,0,0,0,0,0,0,0
ENSG00000070915,0,0,0,1,1,0,0,0
ENSG00000070950,176,142,206,167,195,278,151,177
ENSG00000070961,1227,1961,1446,904,1917,3383,1296,1553
ENSG00000070985,0,0,0,0,0,0,1,1
ENSG00000071051,385,410,435,289,537,673,407,445
ENSG00000071054,10555,8057,12062,6440,13098,13568,9440,9468
ENSG00000071073,12,11,2,2,3,6,12,7
ENSG00000071082,13290,12437,12897,7399,10859,13924,9611,9379
ENSG00000071127,7131,9960,8866,8070,7770,23137,6214,9819
ENSG00000071189,1192,995,1363,728,1575,1682,1125,1129
ENSG00000071203,0,0,0,0,0,0,0,0
ENSG00000071205,789,969,874,686,804,1082,728,1206
ENSG00000071242,7428,12142,9211,8506,10663,25292,6055,13285
ENSG00000071243,122,119,211,92,174,206,146,132
ENSG00000071246,238,181,219,115,229,276,146,138
ENSG00000071282,1737,3779,2828,4195,1494,6574,1762,6447
ENSG00000071462,724,628,819,402,901,1076,638,632
ENSG00000071537,5177,4414,6527,4138,5334,8304,4842,6024
ENSG00000071539,49,52,58,25,64,82,57,42
ENSG00000071553,1724,1589,2220,1245,1780,1869,1360,1612
ENSG00000071564,1565,1045,1542,582,1669,1511,1294,925
ENSG00000071575,389,160,497,237,458,622,420,299
ENSG00000071626,1021,936,1084,732,1148,1719,850,1011
ENSG00000071655,944,762,923,484,941,1118,787,681
ENSG00000071677,0,0,0,0,0,0,0,0
ENSG00000071794,1022,673,968,518,1071,1107,744,628
ENSG00000071859,1239,1503,1771,1095,1458,2115,1078,1275
ENSG00000071889,703,713,816,477,738,1081,603,807
ENSG00000071894,1846,1655,1446,731,1811,2318,1492,1581
ENSG00000071909,26,31,28,3,8,18,22,11
ENSG00000071967,22573,21775,33051,23254,38597,48420,28408,36499
ENSG00000071991,0,0,0,0,0,0,0,0
ENSG00000071994,678,672,680,409,762,958,582,609
ENSG00000072041,79,36,12,12,199,110,35,24
ENSG00000072042,662,607,765,449,801,1044,545,585
ENSG00000072062,1706,1420,2082,1070,1902,1969,1540,1417
ENSG00000072071,411,325,359,144,299,241,388,314
ENSG00000072080,0,0,0,0,0,1,0,0
ENSG00000072110,10183,10814,13511,8906,12921,30552,10168,11144
ENSG00000072121,1239,753,1195,543,1377,1237,1175,959
ENSG00000072133,231,191,141,53,148,137,155,127
ENSG00000072134,640,596,642,517,752,1116,534,854
ENSG00000072135,388,491,347,240,396,591,280,472
ENSG00000072163,249,512,732,815,291,1437,390,918
ENSG00000072182,1,0,2,0,1,0,3,0
ENSG00000072195,1258,647,1814,644,1683,1796,1376,963
ENSG00000072201,163,161,171,150,252,354,56,98
ENSG00000072210,1315,652,1439,466,1616,664,1005,611
ENSG00000072274,4192,3828,4310,2886,5425,8622,3487,3705
ENSG00000072310,2787,1265,2890,898,1472,1325,1290,890
ENSG00000072315,4,2,4,0,0,1,11,3
ENSG00000072364,3540,2805,3782,2136,4450,5299,3220,3356
ENSG00000072401,615,528,554,408,611,762,522,606
ENSG00000072415,803,629,1039,499,1075,1178,781,689
ENSG00000072422,697,693,829,457,898,1228,774,779
ENSG00000072444,26,22,32,16,31,24,20,7
ENSG00000072501,1295,964,1302,664,1637,1702,1230,1191
ENSG00000072506,532,536,517,316,467,753,390,450
ENSG00000072518,438,366,452,242,522,579,371,383
ENSG00000072571,21,57,27,43,16,59,16,46
ENSG00000072609,488,526,503,290,583,685,378,427
ENSG00000072657,886,662,1217,851,1286,1901,839,982
ENSG00000072682,5034,3412,4307,1955,4615,4028,3823,3181
ENSG00000072694,0,0,0,0,0,0,0,0
ENSG00000072736,269,237,333,192,368,381,273,337
ENSG00000072756,277,258,333,198,377,528,214,222
ENSG00000072778,3351,2763,3500,1848,3549,4758,4130,3763
ENSG00000072786,571,645,810,437,705,1165,767,830
ENSG00000072803,1715,1379,1798,1174,1840,2230,1555,1605
ENSG00000072818,61,52,99,31,57,66,57,50
ENSG00000072832,412,286,489,205,514,558,433,394
ENSG00000072840,3680,2633,3933,1768,3226,3740,3078,3115
ENSG00000072849,681,557,729,446,768,982,590,542
ENSG00000072858,4,2,7,0,5,5,3,3
ENSG00000072864,208,260,293,186,259,369,219,288
ENSG00000072952,3417,2905,7523,5872,4168,10306,4755,5360
ENSG00000072954,64,47,93,61,81,63,62,77
ENSG00000072958,1556,2885,1521,1631,1669,4090,1126,2842
ENSG00000073008,1103,903,3603,889,1722,2438,1051,925
ENSG00000073009,910,972,999,516,928,1154,728,770
ENSG00000073050,386,305,381,202,339,334,231,254
ENSG00000073060,307,169,478,139,529,533,259,167
ENSG00000073067,0,0,2,1,1,2,3,0
ENSG00000073111,241,122,232,88,185,180,204,106
ENSG00000073146,119,65,105,32,171,86,113,61
ENSG00000073150,103,68,55,17,76,71,80,56
ENSG00000073169,383,508,351,284,370,554,295,410
ENSG00000073282,0,0,0,0,1,0,0,1
ENSG00000073331,582,382,808,355,781,670,523,464
ENSG00000073350,1,2,5,0,0,3,0,4
ENSG00000073417,635,624,718,441,859,889,616,679
ENSG00000073464,512,637,769,570,452,533,404,680
ENSG00000073536,385,278,372,125,405,373,308,194
ENSG00000073578,2340,2107,2410,1392,2494,2838,1868,2089
ENSG00000073584,1357,1061,1722,845,1684,1525,1086,1018
ENSG00000073598,2,3,3,1,4,0,0,2
ENSG00000073605,177,110,244,128,218,250,189,145
ENSG00000073614,1623,1269,1817,1078,1804,2361,1495,1749
ENSG00000073670,52,20,41,17,54,46,32,24
ENSG00000073711,698,506,882,406,1034,1119,794,618
ENSG00000073712,3089,4729,3645,2800,3617,7193,2707,3911
ENSG00000073734,0,0,0,0,0,0,0,0
ENSG00000073737,0,0,0,0,0,0,0,0
ENSG00000073754,0,0,0,0,0,0,0,0
ENSG00000073756,67,12,88,51,157,48,117,46
ENSG00000073792,1713,2573,1795,1847,2703,4727,1598,3225
ENSG00000073803,224,218,287,206,285,393,220,225
ENSG00000073849,20,12,38,23,34,29,27,19
ENSG00000073861,0,0,0,0,0,0,0,0
ENSG00000073905,130,96,90,58,67,163,66,79
ENSG00000073910,842,632,1919,1281,1049,3221,1166,1566
ENSG00000073921,3342,3169,4042,2968,4534,6355,3121,4029
ENSG00000073969,1188,966,1413,862,1694,1932,1049,993
ENSG00000074047,485,192,597,145,555,421,414,266
ENSG00000074054,1510,1541,1704,1129,2020,2409,1273,1694
ENSG00000074071,618,608,576,287,622,765,441,493
ENSG00000074181,470,638,919,734,986,1857,675,988
ENSG00000074201,1224,909,1351,673,1354,1316,1115,971
ENSG00000074211,7,8,9,24,8,5,9,14
ENSG00000074219,496,313,567,201,829,489,442,281
ENSG00000074266,266,198,262,172,234,289,247,217
ENSG00000074276,7,5,4,3,14,6,3,2
ENSG00000074317,0,3,2,0,0,1,0,1
ENSG00000074319,926,1027,1080,874,1083,1540,774,1129
ENSG00000074356,742,529,894,490,948,1098,649,746
ENSG00000074370,88,61,52,39,22,36,112,136
ENSG00000074410,3274,1389,2546,879,7125,4701,3015,2107
ENSG00000074416,3369,4474,5527,2976,3955,8910,3027,3818
ENSG00000074527,1969,3052,5549,4167,1381,4481,3156,8190
ENSG00000074582,435,411,392,213,277,380,285,313
ENSG00000074590,250,409,322,487,254,909,174,516
ENSG00000074603,1203,1134,1434,974,1468,1955,1151,1317
ENSG00000074621,452,467,578,336,548,654,501,592
ENSG00000074657,3003,2170,3933,2004,3426,3888,2899,3147
ENSG00000074660,19,49,15,20,21,66,16,32
ENSG00000074695,3826,2885,4655,2452,4707,5068,4052,3209
ENSG00000074696,2061,1635,2498,1240,2730,2998,1845,1587
ENSG00000074706,30,22,29,23,20,49,26,9
ENSG00000074755,1950,1623,1984,1212,2140,2858,1632,1877
ENSG00000074771,0,0,0,0,0,0,0,0
ENSG00000074800,17055,15535,14901,7279,13022,32202,9122,10384
ENSG00000074803,2,4,14,1,21,16,5,3
ENSG00000074842,1540,1483,1751,1083,1612,2483,1179,1304
ENSG00000074855,221,176,210,76,149,140,158,127
ENSG00000074935,279,160,405,132,402,288,329,207
ENSG00000074964,727,639,899,517,795,1144,635,785
ENSG00000074966,3,0,3,4,0,0,6,1
ENSG00000075035,0,0,0,0,0,0,0,0
ENSG00000075043,1,0,0,0,0,0,0,0
ENSG00000075073,10,5,5,2,9,11,5,5
ENSG00000075089,304,249,310,224,280,346,254,246
ENSG00000075131,81,44,137,70,74,85,63,54
ENSG00000075142,1079,1335,1160,1056,1076,1580,987,1369
ENSG00000075151,3212,2410,4060,1816,5160,5819,3088,2807
ENSG00000075188,407,298,416,230,423,366,369,351
ENSG00000075213,831,418,856,209,1447,640,1138,450
ENSG00000075218,6,21,9,9,12,11,20,11
ENSG00000075223,2878,2571,5309,1934,2286,2657,3454,4019
ENSG00000075234,421,518,442,296,746,1155,326,407
ENSG00000075239,896,981,1265,906,989,1097,1040,1173
ENSG00000075240,891,331,800,180,836,641,857,311
ENSG00000075275,4,0,12,2,21,16,11,3
ENSG00000075290,1,0,2,1,2,0,3,0
ENSG00000075292,1835,1658,2107,1273,2643,2845,1781,1951
ENSG00000075303,256,151,240,150,244,263,214,191
ENSG00000075336,305,235,333,173,361,411,253,210
ENSG00000075340,0,0,0,0,0,0,0,1
ENSG00000075388,0,0,0,0,0,0,0,0
ENSG00000075391,751,759,873,750,918,1596,699,1175
ENSG00000075399,534,482,445,275,451,594,385,462
ENSG00000075407,775,775,992,628,1571,1603,735,756
ENSG00000075413,1247,1037,1433,774,1560,1598,1109,1053
ENSG00000075415,6347,6701,6745,4580,6991,9313,5112,6001
ENSG00000075420,4200,5512,4889,4415,6097,10938,3865,7693
ENSG00000075426,2978,2837,3188,2114,3900,5151,2103,3292
ENSG00000075429,0,1,0,0,0,0,0,0
ENSG00000075461,0,0,0,0,0,0,0,0
ENSG00000075539,1043,1000,1147,788,1205,1896,880,1376
ENSG00000075568,1883,1296,2370,1217,2548,2560,1881,1710
ENSG00000075618,3852,2494,2575,901,3904,4222,2677,1633
ENSG00000075624,48537,66229,72722,69788,56042,182740,45990,76960
ENSG00000075643,224,171,296,132,270,256,183,215
ENSG00000075651,881,585,1213,455,1613,870,543,519
ENSG00000075673,1,0,0,0,0,0,0,0
ENSG00000075702,22,15,16,11,20,19,15,18
ENSG00000075711,1157,1049,1383,957,1586,1764,1174,1308
ENSG00000075785,6995,6481,9889,5747,10044,12100,7171,7677
ENSG00000075790,811,731,965,730,1021,1716,927,1028
ENSG00000075826,247,305,329,209,362,360,287,253
ENSG00000075856,885,755,967,565,1138,1317,806,789
ENSG00000075884,1,0,1,2,0,0,1,1
ENSG00000075886,10,5,2,4,11,3,9,7
ENSG00000075891,0,0,0,0,0,0,0,0
ENSG00000075914,341,334,437,284,454,562,258,320
ENSG00000075945,880,678,1130,531,1193,885,741,705
ENSG00000075975,839,1165,918,734,865,1289,693,987
ENSG00000076003,521,387,621,424,527,470,624,625
ENSG00000076043,1211,1058,1441,856,1391,1607,922,893
ENSG00000076053,413,310,450,274,489,577,340,312
ENSG00000076067,754,594,1032,464,1046,1315,728,848
ENSG00000076108,2021,1910,2375,1348,2488,2921,1682,2089
ENSG00000076201,1516,1368,1526,874,1501,1768,1191,1196
ENSG00000076242,734,499,686,333,674,627,533,416
ENSG00000076248,325,250,390,183,442,402,311,287
ENSG00000076258,140,118,195,122,84,88,104,101
ENSG00000076321,889,702,982,495,1098,885,725,765
ENSG00000076344,201,236,291,203,105,190,173,299
ENSG00000076351,38,21,37,23,42,49,27,23
ENSG00000076356,238,187,495,138,251,191,246,219
ENSG00000076382,64,53,75,21,69,49,43,43
ENSG00000076513,4210,6164,6720,5719,5534,11000,4199,6932
ENSG00000076554,2,1,0,0,1,0,0,0
ENSG00000076555,357,424,493,309,236,340,304,449
ENSG00000076604,341,258,308,107,348,270,236,167
ENSG00000076641,357,175,300,114,475,762,244,140
ENSG00000076650,162,109,215,105,212,187,146,137
ENSG00000076662,162,205,135,89,120,199,111,125
ENSG00000076685,765,811,1023,772,913,1808,858,1163
ENSG00000076706,19,26,34,28,119,403,20,30
ENSG00000076716,342,426,364,434,230,748,391,760
ENSG00000076770,126,122,154,68,193,131,147,106
ENSG00000076826,0,1,0,0,0,0,0,0
ENSG00000076864,5,7,14,3,9,14,5,14
ENSG00000076924,801,729,896,453,781,869,691,819
ENSG00000076928,1153,1459,1163,718,1251,1934,964,1257
ENSG00000076944,12,17,59,39,11,20,21,17
ENSG00000076984,687,593,711,397,744,886,618,623
ENSG00000077009,0,0,0,0,0,0,1,0
ENSG00000077044,224,225,222,137,248,372,176,227
ENSG00000077063,541,211,571,157,412,286,388,171
ENSG00000077080,0,0,0,0,0,0,0,0
ENSG00000077092,352,213,510,230,288,124,207,285
ENSG00000077097,3551,3016,3672,2106,3993,4401,3049,3259
ENSG00000077147,4536,4315,5225,4095,5539,7681,4435,5029
ENSG00000077150,596,580,634,388,606,835,514,594
ENSG00000077152,60,51,64,30,58,45,45,37
ENSG00000077157,640,1089,2680,2550,758,2126,1439,2338
ENSG00000077232,3902,3104,4407,2700,3482,4505,3305,3358
ENSG00000077235,2680,1985,2997,1411,2911,3211,2261,1964
ENSG00000077238,375,422,489,254,520,1083,417,498
ENSG00000077254,1923,3331,2244,2502,2385,4117,1710,3626
ENSG00000077264,197,65,125,28,42,29,119,53
ENSG00000077274,2,2,2,2,1,0,2,1
ENSG00000077279,0,0,0,0,0,0,0,0
ENSG00000077312,424,305,448,215,355,321,333,261
ENSG00000077327,0,0,0,1,0,0,0,0
ENSG00000077348,74,78,65,38,75,100,58,61
ENSG00000077380,3001,2605,3522,2080,3448,3905,2654,2813
ENSG00000077420,390,319,719,306,581,601,229,273
ENSG00000077454,661,659,727,355,715,718,544,498
ENSG00000077458,308,316,382,293,343,454,321,357
ENSG00000077463,252,247,218,125,230,296,126,178
ENSG00000077498,0,0,0,0,0,0,0,0
ENSG00000077514,414,287,453,229,516,551,369,342
ENSG00000077522,6,14,7,6,1,0,2,7
ENSG00000077549,4640,5080,6175,4045,5237,7613,3904,4789
ENSG00000077585,560,555,577,576,685,1101,511,861
ENSG00000077616,49,23,80,21,24,7,52,38
ENSG00000077684,946,1941,1119,1531,1123,2615,893,2313
ENSG00000077713,515,704,488,363,616,979,459,645
ENSG00000077721,1367,1267,1610,1103,1876,2400,1230,1351
ENSG00000077782,14982,13448,17039,9498,16113,21698,14209,15388
ENSG00000077800,28,22,22,10,29,44,17,23
ENSG00000077809,10030,8588,12479,7780,14801,19803,8871,9389
ENSG00000077935,3,0,3,4,7,4,4,4
ENSG00000077942,166952,141729,205873,122953,187161,212673,140466,147710
ENSG00000077943,271,558,391,394,167,684,419,807
ENSG00000077984,0,0,1,0,0,0,0,0
ENSG00000078018,437,481,3324,3863,658,1833,1139,1911
ENSG00000078043,494,454,696,367,649,752,580,452
ENSG00000078053,253,392,300,293,219,822,189,486
ENSG00000078061,937,802,1025,559,1045,1381,736,838
ENSG00000078070,355,490,542,450,457,628,389,669
ENSG00000078081,36,23,13,1,2,5,4,2
ENSG00000078098,1953,1619,2908,1903,4016,4618,2190,2475
ENSG00000078114,2,34,3,2,0,1,1,13
ENSG00000078124,183,303,263,306,317,601,183,328
ENSG00000078140,1051,1085,957,780,958,1419,768,930
ENSG00000078142,936,936,1145,727,1181,1884,889,1192
ENSG00000078177,379,419,491,335,448,638,341,596
ENSG00000078237,333,265,311,154,366,478,225,157
ENSG00000078246,1351,1218,1651,1012,1820,1827,1314,1470
ENSG00000078269,1361,596,1527,614,1604,1576,1207,691
ENSG00000078295,10,7,7,4,106,83,4,3
ENSG00000078304,2307,1909,2696,1598,2636,2893,2132,2390
ENSG00000078319,59,45,83,58,86,97,70,77
ENSG00000078328,0,0,0,0,0,0,0,0
ENSG00000078369,6568,6218,8218,5131,7884,11203,5980,7053
ENSG00000078399,0,0,0,0,0,0,0,0
ENSG00000078401,10,14,28,12,15,36,20,11
ENSG00000078403,675,649,670,398,858,919,576,601
ENSG00000078487,180,184,228,140,177,162,161,195
ENSG00000078549,0,0,0,0,0,0,1,0
ENSG00000078579,3,0,1,0,1,1,0,1
ENSG00000078589,0,0,0,0,0,0,0,0
ENSG00000078596,2,3,0,1,1,2,19,24
ENSG00000078618,2875,2760,3685,2183,3681,4709,2534,2846
ENSG00000078668,1093,1066,1426,822,1359,1601,1036,1060
ENSG00000078674,2769,2171,3405,1765,3524,3474,2782,2676
ENSG00000078687,372,289,481,219,424,485,350,430
ENSG00000078699,589,353,676,235,736,561,557,425
ENSG00000078725,33,11,54,9,36,48,52,16
ENSG00000078747,1425,1342,1550,1151,1580,2163,1364,1729
ENSG00000078795,0,1,2,1,2,3,0,0
ENSG00000078804,626,835,795,867,882,1067,568,949
ENSG00000078808,4435,4240,5405,2961,5930,7347,4455,4720
ENSG00000078814,26,38,35,28,27,31,28,61
ENSG00000078898,0,0,0,0,0,0,0,0
ENSG00000078900,6,2,7,3,2,2,3,4
ENSG00000078902,1143,1022,1043,644,1177,1324,924,1030
ENSG00000078967,156,83,184,138,158,167,173,147
ENSG00000079101,12,0,18,0,16,1,7,5
ENSG00000079102,1223,843,1251,497,1092,1112,898,691
ENSG00000079112,4,2,8,5,4,6,1,2
ENSG00000079134,380,267,404,212,467,440,388,270
ENSG00000079150,913,679,826,355,760,662,665,557
ENSG00000079156,26,18,42,10,38,20,28,25
ENSG00000079215,105,120,62,12,109,112,40,29
ENSG00000079246,4924,4600,5683,3524,6431,7896,4149,4417
ENSG00000079257,3791,1626,3147,956,1418,482,1501,1004
ENSG00000079263,26,15,29,18,29,41,34,23
ENSG00000079277,435,357,550,346,523,735,464,484
ENSG00000079308,7483,4855,7543,3406,8152,8905,5975,5581
ENSG00000079313,283,294,352,242,322,521,252,336
ENSG00000079332,3297,3311,3466,2544,3912,6187,2632,3051
ENSG00000079335,59,39,71,29,96,69,57,57
ENSG00000079337,113,80,89,41,94,47,128,87
ENSG00000079385,0,2,7,5,3,2,1,1
ENSG00000079387,351,329,421,305,504,531,378,329
ENSG00000079393,0,0,0,1,1,1,0,0
ENSG00000079432,2467,1512,2612,983,2700,2603,2309,1740
ENSG00000079435,19,34,36,30,27,56,9,45
ENSG00000079459,998,887,1185,690,1068,1150,788,979
ENSG00000079462,84,38,92,25,90,55,71,32
ENSG00000079482,242,212,249,147,247,262,196,209
ENSG00000079557,0,0,0,0,0,0,0,0
ENSG00000079616,184,179,265,114,221,190,174,168
ENSG00000079689,0,0,0,0,0,0,0,0
ENSG00000079691,923,1447,965,1323,1232,2632,862,2742
ENSG00000079739,1124,1000,1694,1008,1358,2200,911,1136
ENSG00000079785,1951,1775,2140,1313,2157,2509,1592,1618
ENSG00000079805,2236,2072,2656,1517,2649,3505,1986,2281
ENSG00000079819,7012,5901,10164,3838,9627,9883,7644,6517
ENSG00000079841,13,13,77,71,18,92,10,32
ENSG00000079931,7133,3788,6575,3664,6017,6790,7073,5442
ENSG00000079950,1262,1243,1274,1130,1194,1961,1232,1869
ENSG00000079974,559,467,733,353,705,933,533,477
ENSG00000079999,1741,1567,1622,1085,1767,1908,1392,1646
ENSG00000080007,45,25,16,7,17,7,14,7
ENSG00000080031,29,10,88,17,15,5,40,40
ENSG00000080166,5,4,5,3,9,5,10,2
ENSG00000080189,686,608,789,460,779,1014,687,839
ENSG00000080200,646,405,735,237,729,549,479,329
ENSG00000080224,0,1,0,0,0,1,0,1
ENSG00000080293,0,1,1,0,0,0,1,0
ENSG00000080298,128,93,155,81,148,199,116,117
ENSG00000080345,1103,1034,1322,841,1599,2085,1295,1377
ENSG00000080371,1024,959,1149,881,1175,1548,965,1065
ENSG00000080493,361,152,486,123,488,424,278,187
ENSG00000080503,3293,2859,4282,2712,2946,4183,3224,4197
ENSG00000080511,0,0,0,0,0,0,0,0
ENSG00000080546,685,531,743,356,759,713,623,547
ENSG00000080561,136,139,180,81,212,234,141,152
ENSG00000080572,0,0,0,0,0,0,0,0
ENSG00000080573,222,495,274,199,153,391,268,482
ENSG00000080603,2829,2543,3248,1574,3431,4134,2634,2445
ENSG00000080608,354,419,534,311,578,807,374,399
ENSG00000080618,1,0,1,0,0,0,0,0
ENSG00000080644,0,0,1,0,0,0,2,0
ENSG00000080709,0,0,0,0,0,0,0,0
ENSG00000080802,578,466,757,376,706,758,463,495
ENSG00000080815,1335,1576,1802,1607,1806,2647,1366,2213
ENSG00000080819,542,535,516,287,561,728,503,484
ENSG00000080822,743,915,681,614,820,1203,536,806
ENSG00000080823,131,76,179,40,167,151,124,108
ENSG00000080824,15757,10887,21118,8492,24822,21585,13918,11530
ENSG00000080839,154,146,165,101,108,94,146,178
ENSG00000080845,1876,1504,2283,1023,2153,2096,1659,1520
ENSG00000080854,1,1,0,0,0,0,0,1
ENSG00000080910,0,0,0,0,0,0,0,0
ENSG00000080947,117,73,157,61,156,140,116,80
ENSG00000080986,43,52,39,29,28,46,44,34
ENSG00000081014,495,387,673,335,571,722,410,496
ENSG00000081019,369,315,353,251,400,541,312,385
ENSG00000081026,339,239,376,164,414,369,325,277
ENSG00000081041,1,1,2,0,7,4,1,0
ENSG00000081051,1,2,4,1,11,8,5,2
ENSG00000081052,59,192,156,324,67,219,82,441
ENSG00000081059,56,37,57,29,57,40,103,65
ENSG00000081087,1097,1104,1063,1084,1089,1752,886,1215
ENSG00000081138,0,0,0,0,0,0,0,0
ENSG00000081148,9,7,11,5,10,6,15,9
ENSG00000081154,2959,2325,3178,1930,2937,3610,2586,2537
ENSG00000081177,426,400,519,312,358,521,386,497
ENSG00000081181,8,18,8,6,8,21,6,5
ENSG00000081189,142,103,156,45,147,98,140,112
ENSG00000081237,0,0,1,0,2,0,0,0
ENSG00000081248,0,0,0,0,0,1,0,0
ENSG00000081277,1,0,0,0,0,1,0,0
ENSG00000081307,846,634,927,453,1002,1109,772,502
ENSG00000081320,771,1054,861,1534,1129,2394,1228,2816
ENSG00000081377,1529,2314,1948,2302,1820,3408,1759,3226
ENSG00000081386,306,200,411,181,381,348,304,270
ENSG00000081479,0,0,0,0,0,0,0,0
ENSG00000081665,121,80,177,75,176,188,96,78
ENSG00000081692,66,43,74,29,72,79,75,63
ENSG00000081721,261,170,291,112,275,323,221,176
ENSG00000081760,399,271,427,237,399,451,384,329
ENSG00000081791,1140,851,1213,626,1213,1512,973,937
ENSG00000081800,0,0,1,0,0,0,0,0
ENSG00000081803,710,1645,980,1699,225,434,706,2084
ENSG00000081818,27,34,21,20,20,8,12,16
ENSG00000081842,4,10,3,2,6,1,5,5
ENSG00000081853,122,110,196,114,440,464,118,104
ENSG00000081870,201,250,253,173,255,347,203,257
ENSG00000081913,185,154,317,154,240,229,250,263
ENSG00000081923,1181,1015,1607,1038,1171,2566,1420,1275
ENSG00000081985,2,3,2,4,0,4,2,5
ENSG00000082014,632,591,772,458,797,1043,567,565
ENSG00000082068,585,538,680,411,752,765,535,637
ENSG00000082074,0,2,10,1,7,2,7,4
ENSG00000082126,9,17,19,26,21,41,9,36
ENSG00000082146,681,1035,855,1114,1298,2319,681,1400
ENSG00000082153,4939,5669,6261,4332,6234,9464,4961,5837
ENSG00000082175,5,6,11,3,1,2,11,6
ENSG00000082196,8,10,13,8,13,9,6,14
ENSG00000082212,467,381,541,332,538,588,487,423
ENSG00000082213,325,344,497,367,507,703,282,411
ENSG00000082258,656,581,771,493,757,950,632,709
ENSG00000082269,229,125,216,145,276,270,210,212
ENSG00000082293,0,1,0,0,4,4,0,1
ENSG00000082397,1002,778,278,111,204,177,912,659
ENSG00000082438,726,432,1123,599,886,981,1036,936
ENSG00000082458,531,243,511,179,519,414,447,336
ENSG00000082482,48,18,45,16,64,69,62,42
ENSG00000082497,13,5,7,2,27,20,13,7
ENSG00000082512,365,449,492,334,407,807,413,398
ENSG00000082515,247,233,253,174,248,290,195,167
ENSG00000082516,437,432,434,344,544,702,402,434
ENSG00000082556,0,0,0,0,0,0,1,0
ENSG00000082641,8455,8661,12405,8512,10763,13893,8829,12128
ENSG00000082684,0,0,1,1,1,0,0,0
ENSG00000082701,1443,1172,1636,983,1781,2118,1326,1358
ENSG00000082781,6702,5470,8600,4647,8420,11279,6235,7014
ENSG00000082805,2521,2079,1984,1206,2289,2858,1892,2126
ENSG00000082898,2525,2176,2882,1462,3190,3344,2293,2007
ENSG00000082929,1,1,1,1,0,3,3,2
ENSG00000082996,871,874,922,816,939,1251,766,986
ENSG00000083067,6,15,19,10,39,18,8,4
ENSG00000083093,199,139,232,109,259,271,200,175
ENSG00000083097,535,316,641,189,674,523,524,409
ENSG00000083099,512,399,675,345,648,651,500,405
ENSG00000083123,346,324,373,322,282,477,329,319
ENSG00000083168,1428,1080,1576,671,1639,1658,1252,1256
ENSG00000083223,819,1341,1050,1553,1236,2745,922,2246
ENSG00000083290,842,1674,1152,1592,1048,1919,952,2685
ENSG00000083307,0,0,0,0,0,0,0,0
ENSG00000083312,4353,3748,4738,3184,5781,7458,4381,5006
ENSG00000083444,6546,4382,8088,4250,7100,9509,6142,5752
ENSG00000083454,3,5,7,7,6,6,4,7
ENSG00000083457,264,277,258,211,215,371,247,250
ENSG00000083520,886,927,1161,762,1132,1700,770,1078
ENSG00000083535,315,262,382,246,396,538,284,318
ENSG00000083544,274,202,271,163,313,283,196,206
ENSG00000083622,0,0,0,0,0,0,0,0
ENSG00000083635,116,98,155,78,141,187,99,74
ENSG00000083642,911,709,1100,537,1098,1108,845,800
ENSG00000083720,615,811,911,934,819,1403,581,1031
ENSG00000083750,438,415,498,372,569,578,440,527
ENSG00000083782,3,0,0,0,4,0,0,1
ENSG00000083799,1179,863,1445,751,1393,1278,1025,1038
ENSG00000083807,69,72,86,26,77,73,68,62
ENSG00000083812,210,171,232,115,221,216,201,189
ENSG00000083814,128,98,236,96,231,224,136,138
ENSG00000083817,91,69,130,62,152,123,88,69
ENSG00000083828,74,39,56,34,63,73,54,53
ENSG00000083838,138,98,143,88,146,154,124,122
ENSG00000083842,0,0,0,0,0,0,0,0
ENSG00000083844,113,89,116,62,125,166,98,122
ENSG00000083845,10279,9963,10268,4659,8786,10405,6806,6951
ENSG00000083857,8903,4948,10238,3860,12799,18132,6258,5516
ENSG00000083896,1172,931,1391,781,1496,1684,1152,1093
ENSG00000083937,653,649,926,631,978,1042,768,870
ENSG00000084070,534,464,449,250,729,644,439,460
ENSG00000084072,475,415,680,377,559,684,496,470
ENSG00000084073,1829,1758,2131,1475,1894,2523,1659,1724
ENSG00000084090,1875,3496,2549,4602,2959,6611,1801,4647
ENSG00000084092,622,483,601,318,706,608,501,566
ENSG00000084093,866,731,1050,710,1002,1357,827,946
ENSG00000084110,0,5,3,2,0,2,1,0
ENSG00000084112,2396,2149,3119,1588,2830,4563,2326,2462
ENSG00000084207,4175,3581,4232,1976,3864,4633,2841,2872
ENSG00000084234,20223,19044,30837,19112,33614,38031,23865,27340
ENSG00000084444,248,247,245,219,221,390,191,335
ENSG00000084453,0,0,0,0,1,0,0,0
ENSG00000084463,1148,961,1449,916,1521,1517,1082,1245
ENSG00000084623,3017,2673,3081,1758,2962,3634,2201,2197
ENSG00000084628,4,2,6,1,2,7,1,4
ENSG00000084636,4629,2801,3276,1061,3732,3509,3637,2478
ENSG00000084652,3050,3554,3999,2870,4399,7193,2854,3946
ENSG00000084674,69,155,267,283,30,375,125,282
ENSG00000084676,1302,1116,1326,827,1379,1255,1145,1259
ENSG00000084693,620,429,629,371,812,748,490,523
ENSG00000084710,20,3,14,0,15,3,26,5
ENSG00000084731,765,582,751,416,699,817,629,716
ENSG00000084733,2707,2235,2837,1760,2823,3551,2173,2031
ENSG00000084734,5,8,5,1,3,5,6,3
ENSG00000084754,4207,4515,5254,3499,5311,6277,3921,5060
ENSG00000084764,449,228,458,161,456,278,318,222
ENSG00000084774,1077,1261,1109,666,1114,1866,902,934
ENSG00000085063,9584,8822,12261,8087,13513,15577,10454,11510
ENSG00000085117,1061,3349,1281,1275,1840,4531,772,1782
ENSG00000085185,479,510,496,312,483,421,386,436
ENSG00000085224,2907,2178,3727,1779,4052,4031,3184,2859
ENSG00000085231,566,689,774,561,965,1204,525,671
ENSG00000085265,0,0,0,0,0,0,0,0
ENSG00000085274,276,228,318,148,295,305,249,236
ENSG00000085276,1290,1084,1733,976,1544,1676,1345,1284
ENSG00000085365,1141,853,1255,779,1230,1337,1118,1020
ENSG00000085377,512,672,585,507,570,986,450,611
ENSG00000085382,363,264,330,221,395,404,328,275
ENSG00000085415,257,348,291,257,263,617,271,378
ENSG00000085433,576,564,596,418,597,682,487,565
ENSG00000085449,1640,1569,2343,1214,1931,2812,1596,1505
ENSG00000085465,37,66,51,40,60,86,42,46
ENSG00000085491,830,765,819,642,924,1244,727,872
ENSG00000085511,1009,666,768,335,1349,966,697,460
ENSG00000085514,10,22,52,37,36,45,38,45
ENSG00000085552,8,0,3,1,6,0,2,0
ENSG00000085563,92,44,181,76,131,107,121,57
ENSG00000085644,383,294,356,136,400,459,339,262
ENSG00000085662,2339,1698,2837,1139,5913,4209,1803,1558
ENSG00000085719,2382,2606,2473,2056,2860,4566,2290,3077
ENSG00000085721,647,669,770,573,940,1236,598,699
ENSG00000085733,9594,8468,10990,6521,11654,14671,8302,8466
ENSG00000085741,1,2,9,2,6,7,4,2
ENSG00000085760,515,450,640,370,639,732,465,525
ENSG00000085788,944,802,1441,844,1135,1483,1093,1343
ENSG00000085831,4,8,16,6,19,12,8,3
ENSG00000085832,1888,1857,2388,1699,2117,2418,1856,2151
ENSG00000085840,7,9,7,4,11,12,12,5
ENSG00000085871,125,87,169,89,178,219,105,91
ENSG00000085872,491,423,506,299,566,672,426,413
ENSG00000085978,473,537,607,425,687,943,447,552
ENSG00000085982,1323,959,1383,641,1288,1201,1190,1012
ENSG00000085998,949,1000,1326,824,1432,1700,782,951
ENSG00000085999,21,11,15,9,15,13,11,8
ENSG00000086015,1838,1325,2592,1080,2346,2097,1830,1605
ENSG00000086061,3832,3391,4703,2217,5243,4119,3621,2974
ENSG00000086062,3675,2405,5139,1639,4519,3512,2967,2135
ENSG00000086065,1247,1100,1602,1017,1775,1866,1118,1263
ENSG00000086102,1174,864,1376,601,1483,1353,1265,1001
ENSG00000086159,0,3,2,1,0,0,1,2
ENSG00000086189,517,538,477,331,563,767,422,488
ENSG00000086200,472,377,553,283,503,661,384,400
ENSG00000086205,0,1,1,1,0,0,1,2
ENSG00000086232,1970,1829,2370,1438,2463,3006,1721,1888
ENSG00000086288,0,0,0,0,0,0,0,0
ENSG00000086289,766,774,1984,1266,1003,1272,848,1037
ENSG00000086300,2,1,4,1,2,0,6,3
ENSG00000086475,832,755,959,492,1036,1080,729,649
ENSG00000086504,622,485,744,339,721,890,500,473
ENSG00000086506,0,0,1,1,1,0,2,0
ENSG00000086544,691,1192,761,763,931,852,516,1073
ENSG00000086548,0,0,0,0,0,0,0,0
ENSG00000086570,15,13,24,13,12,16,6,16
ENSG00000086589,588,480,590,320,610,663,461,483
ENSG00000086598,4160,3893,5528,3512,4827,6429,3604,3696
ENSG00000086619,140,143,108,96,122,186,122,159
ENSG00000086666,1071,928,1172,717,1264,1362,945,980
ENSG00000086696,23,33,14,0,18,14,10,4
ENSG00000086712,474,508,527,346,675,583,668,652
ENSG00000086717,1,2,0,2,0,3,0,3
ENSG00000086730,9,6,10,9,9,15,6,3
ENSG00000086758,8409,7049,10165,4981,9903,12374,7376,8137
ENSG00000086827,337,260,393,217,385,434,292,294
ENSG00000086848,189,263,264,141,243,700,197,192
ENSG00000086967,1,1,0,0,5,0,2,2
ENSG00000086991,28,9,50,19,63,104,33,22
ENSG00000087008,354,297,413,203,465,536,246,297
ENSG00000087053,678,698,758,453,974,1139,642,689
ENSG00000087074,1709,1312,1697,1083,1677,1880,1466,1652
ENSG00000087076,265,183,413,164,418,264,251,156
ENSG00000087077,2318,1775,2110,874,2056,2256,1834,1251
ENSG00000087085,5,3,10,2,9,4,7,10
ENSG00000087086,236805,138524,236361,95045,343728,229323,167067,114257
ENSG00000087087,1573,1718,1679,1006,1975,2507,1375,1396
ENSG00000087088,2006,1770,1620,844,1520,1784,1229,1083
ENSG00000087095,207,178,255,142,284,281,173,179
ENSG00000087111,931,901,1457,892,1315,1584,941,1120
ENSG00000087116,3189,5340,4182,3452,4015,7319,3255,5448
ENSG00000087128,0,1,0,0,0,0,0,0
ENSG00000087152,1181,1229,1091,717,1231,1471,979,1044
ENSG00000087157,725,703,759,461,701,889,522,656
ENSG00000087191,1175,1555,1246,986,1231,1829,837,1214
ENSG00000087206,468,459,490,250,522,561,368,439
ENSG00000087237,10,8,7,4,13,6,7,5
ENSG00000087245,136267,99702,147916,73210,193948,195952,124891,115177
ENSG00000087250,1,1,2,1,1,3,1,1
ENSG00000087253,765,555,954,499,1232,1271,908,788
ENSG00000087258,3,4,4,1,4,1,1,1
ENSG00000087263,473,504,627,429,650,875,439,430
ENSG00000087266,500,208,589,214,540,416,537,305
ENSG00000087269,482,525,545,385,633,855,482,523
ENSG00000087274,6806,6544,8304,5408,8585,11039,6135,7780
ENSG00000087299,62,42,68,37,54,65,57,64
ENSG00000087301,205,228,275,246,262,334,267,377
ENSG00000087302,1611,1486,2040,1183,2067,2484,1339,1357
ENSG00000087303,4722,4663,9392,6931,8179,15951,4616,7254
ENSG00000087338,311,365,301,258,304,451,229,323
ENSG00000087365,4231,3883,4956,2866,5259,6548,3638,4063
ENSG00000087448,575,977,654,876,818,1654,500,1254
ENSG00000087460,13347,10814,19328,10854,18854,20865,15461,15337
ENSG00000087470,1001,1157,1288,901,1283,1808,960,1080
ENSG00000087494,19,19,46,38,49,63,35,90
ENSG00000087495,0,0,1,0,1,0,0,2
ENSG00000087502,880,766,1037,710,1222,1619,816,1045
ENSG00000087510,9,18,12,13,3,4,5,2
ENSG00000087586,188,147,246,77,185,366,240,110
ENSG00000087589,281,210,444,210,195,746,282,347
ENSG00000087842,185,105,317,126,469,309,132,80
ENSG00000087884,89,117,144,79,102,170,79,141
ENSG00000087903,249,137,383,82,322,362,275,158
ENSG00000087916,0,0,0,0,0,0,0,0
ENSG00000087995,287,245,342,181,312,426,277,297
ENSG00000088002,8,3,6,5,6,3,0,0
ENSG00000088035,162,117,186,108,247,210,163,165
ENSG00000088038,735,824,901,524,1066,1342,708,832
ENSG00000088053,1,0,0,0,1,1,1,0
ENSG00000088179,301,183,414,179,366,314,313,241
ENSG00000088205,1062,924,1063,713,1111,1646,888,949
ENSG00000088247,3029,2607,2776,1523,2781,3323,2514,2384
ENSG00000088256,1197,1209,1254,754,1190,1786,1029,1233
ENSG00000088280,1786,1703,2212,1225,2173,1861,1470,1798
ENSG00000088298,655,638,872,497,730,775,514,565
ENSG00000088305,62,20,63,25,97,90,68,38
ENSG00000088320,0,8,1,5,0,1,1,2
ENSG00000088325,383,237,356,117,401,217,273,137
ENSG00000088340,93,82,193,91,139,304,139,146
ENSG00000088356,225,203,245,158,257,292,192,219
ENSG00000088367,1196,982,1731,845,1930,2121,1327,1210
ENSG00000088386,1,0,1,0,0,2,1,1
ENSG00000088387,383,304,403,277,372,646,544,597
ENSG00000088448,1648,1427,1497,1046,1533,1358,1555,1500
ENSG00000088451,103,96,144,69,114,189,109,111
ENSG00000088538,31,19,58,22,52,35,21,25
ENSG00000088543,491,477,672,340,550,665,427,507
ENSG00000088682,434,408,524,229,614,587,376,328
ENSG00000088726,0,1,3,0,3,1,0,0
ENSG00000088727,27,36,48,32,35,73,37,29
ENSG00000088756,1741,704,915,139,875,255,754,257
ENSG00000088766,341,414,352,351,363,557,311,492
ENSG00000088782,0,0,0,0,0,0,0,0
ENSG00000088808,105,75,199,90,180,150,159,121
ENSG00000088812,2701,2404,3507,2047,3494,4637,2843,3054
ENSG00000088826,388,197,285,107,381,209,338,226
ENSG00000088827,2,0,5,4,3,2,3,3
ENSG00000088832,4173,3744,4524,2939,4659,6540,3894,3809
ENSG00000088833,1079,885,1298,581,1251,1269,901,875
ENSG00000088836,59,94,54,40,103,89,42,64
ENSG00000088854,1514,1548,1585,1075,1631,2662,1211,1568
ENSG00000088876,246,264,291,225,324,425,211,300
ENSG00000088881,104,101,58,39,121,124,55,44
ENSG00000088882,53,18,69,33,87,49,114,75
ENSG00000088888,1070,1141,1059,718,1102,2042,882,1604
ENSG00000088899,257,253,272,120,307,306,165,203
ENSG00000088926,0,0,0,0,0,0,0,0
ENSG00000088930,2621,2339,3259,1783,3742,3816,2437,2474
ENSG00000088970,511,459,675,382,715,602,637,714
ENSG00000088986,2111,1780,2882,1383,2762,4087,1949,1663
ENSG00000088992,0,0,1,1,0,0,1,0
ENSG00000089006,1816,2158,2109,1887,2221,2794,1805,2474
ENSG00000089009,18598,17243,19536,10185,19174,21325,14312,13084
ENSG00000089012,1,0,0,0,0,0,0,0
ENSG00000089022,352,300,367,239,376,509,281,335
ENSG00000089041,180,48,149,20,187,76,141,21
ENSG00000089048,369,329,413,271,520,719,370,400
ENSG00000089050,420,272,444,210,452,359,413,293
ENSG00000089053,2243,2157,2879,1488,2339,2816,1946,1966
ENSG00000089057,1061,688,950,506,1208,1020,857,808
ENSG00000089060,661,841,1055,800,719,1185,839,1268
ENSG00000089063,2978,2510,2943,1774,3096,3511,1684,1851
ENSG00000089091,38,33,46,23,40,44,28,32
ENSG00000089094,498,401,503,216,471,540,451,429
ENSG00000089101,2,2,1,1,1,0,1,1
ENSG00000089116,0,0,0,0,0,0,0,0
ENSG00000089123,101,176,121,107,124,219,96,149
ENSG00000089127,40,7,40,14,17,6,7,5
ENSG00000089154,2850,2605,2690,1485,3014,4404,2199,2511
ENSG00000089157,53340,54339,44845,23715,36782,45222,32243,34618
ENSG00000089159,3274,2333,3731,1822,3223,2671,3016,3002
ENSG00000089163,26,12,26,19,26,19,36,19
ENSG00000089169,0,0,0,0,0,1,0,0
ENSG00000089177,486,438,627,298,707,733,562,437
ENSG00000089195,161,147,199,112,229,341,151,165
ENSG00000089199,1,2,2,2,5,2,1,0
ENSG00000089220,3471,3358,4089,2702,4137,5001,3194,4011
ENSG00000089225,862,685,859,349,990,810,597,431
ENSG00000089234,513,393,632,391,599,840,453,594
ENSG00000089248,2229,1726,2603,1282,2585,2663,1824,1678
ENSG00000089250,0,1,0,0,0,0,0,0
ENSG00000089280,1766,1760,2146,1078,2449,3387,1436,1293
ENSG00000089289,862,851,1070,628,1145,1228,826,1047
ENSG00000089327,773,632,1264,609,1354,1216,871,740
ENSG00000089335,632,426,921,504,738,786,602,539
ENSG00000089351,893,727,803,405,1025,922,685,877
ENSG00000089356,0,0,1,1,1,3,0,0
ENSG00000089472,2635,1696,3358,1770,4508,4378,3031,2739
ENSG00000089486,589,457,715,321,712,830,617,540
ENSG00000089505,26,18,33,12,36,31,22,21
ENSG00000089558,0,1,1,1,1,1,1,0
ENSG00000089597,9266,8962,11677,7068,9836,11977,7776,8831
ENSG00000089639,137,116,193,70,199,255,150,138
ENSG00000089682,223,188,324,160,379,372,271,216
ENSG00000089685,12,19,12,8,24,14,10,20
ENSG00000089692,3,4,8,4,5,6,7,3
ENSG00000089693,2627,2364,2774,1424,3068,3598,2035,1776
ENSG00000089723,54,32,85,36,72,50,53,38
ENSG00000089737,3253,2809,4555,2142,4894,4676,3611,3030
ENSG00000089775,243,210,299,199,265,366,239,260
ENSG00000089818,471,475,528,299,582,647,430,445
ENSG00000089820,18,15,31,14,36,35,28,16
ENSG00000089847,62,64,58,28,53,49,57,64
ENSG00000089876,444,348,590,317,645,784,439,431
ENSG00000089902,506,386,520,295,624,783,435,431
ENSG00000089916,1269,988,1224,767,1343,1792,945,1211
ENSG00000090006,33595,25909,35654,16125,33101,37300,25189,24622
ENSG00000090013,883,720,959,386,825,770,690,663
ENSG00000090020,1228,895,1393,615,1336,1641,1308,909
ENSG00000090054,1641,1478,1896,1034,2167,2445,1528,1606
ENSG00000090060,3381,2936,3790,2092,4655,5344,2844,2852
ENSG00000090061,753,737,808,579,838,1105,716,705
ENSG00000090097,764,646,872,378,824,812,653,524
ENSG00000090104,0,0,0,0,0,0,0,1
ENSG00000090238,800,887,984,757,1107,1387,762,1218
ENSG00000090263,361,325,440,242,443,435,291,276
ENSG00000090266,377,399,397,249,361,446,317,279
ENSG00000090273,1040,1147,1177,773,1246,1767,878,973
ENSG00000090316,1292,1106,1510,758,1389,1647,1137,1251
ENSG00000090339,176,144,321,255,148,277,143,154
ENSG00000090372,1163,1070,1221,764,1308,1667,915,1049
ENSG00000090376,438,778,301,464,683,1171,288,659
ENSG00000090382,0,1,1,0,0,0,0,0
ENSG00000090402,0,0,0,0,0,0,0,0
ENSG00000090432,732,652,831,523,641,970,687,851
ENSG00000090447,160,109,142,73,170,156,127,105
ENSG00000090470,617,548,568,346,599,650,607,612
ENSG00000090487,1964,1812,2110,1308,2090,2531,1796,1940
ENSG00000090512,1,0,0,0,0,0,0,0
ENSG00000090520,801,688,968,576,1081,1833,776,664
ENSG00000090530,77,46,170,80,136,120,64,59
ENSG00000090534,21,21,39,20,15,6,14,13
ENSG00000090539,205,224,419,187,218,262,198,268
ENSG00000090554,4,4,2,4,4,3,4,2
ENSG00000090565,1498,1720,1861,1504,2144,3838,1608,2286
ENSG00000090581,1260,946,1413,642,1479,1692,974,957
ENSG00000090612,287,213,458,213,480,568,309,250
ENSG00000090615,2427,2355,2456,1362,2514,3470,2002,2089
ENSG00000090621,4169,3957,4140,2284,3126,3397,2920,2945
ENSG00000090659,0,0,0,0,0,0,0,0
ENSG00000090661,381,251,175,84,45,38,235,148
ENSG00000090674,491,519,453,342,595,731,420,523
ENSG00000090686,1556,1672,1964,1168,2381,2977,1521,1661
ENSG00000090776,780,414,924,272,485,405,640,537
ENSG00000090857,1227,973,810,448,973,1202,1071,1166
ENSG00000090861,3182,2079,3968,1621,3744,3431,4054,2013
ENSG00000090863,5427,4076,6802,3341,5404,5925,4884,4996
ENSG00000090889,40,24,36,26,31,26,35,16
ENSG00000090905,2566,2475,3293,1981,3487,4116,2724,3353
ENSG00000090920,30,23,27,16,62,37,7,23
ENSG00000090924,830,835,1110,587,1322,2178,813,847
ENSG00000090932,3,3,3,1,5,1,1,1
ENSG00000090971,383,341,290,189,300,420,277,311
ENSG00000090975,558,591,534,422,393,549,617,695
ENSG00000090989,1550,1286,1636,988,1673,1850,1370,1417
ENSG00000091009,746,638,807,447,805,1080,605,679
ENSG00000091010,0,1,0,0,1,0,0,0
ENSG00000091039,4041,3326,7276,3631,4419,5487,5568,5221
ENSG00000091073,201,178,210,117,203,273,182,222
ENSG00000091106,3,4,13,9,8,11,11,8
ENSG00000091127,137,180,127,106,200,445,140,125
ENSG00000091128,1,12,6,11,9,8,4,11
ENSG00000091129,479,381,106,67,26,37,206,219
ENSG00000091136,20473,36444,27522,23536,23098,43472,21471,37565
ENSG00000091137,11,8,6,7,10,11,4,1
ENSG00000091138,0,0,0,0,0,0,0,0
ENSG00000091140,845,755,1025,621,982,1185,783,771
ENSG00000091157,464,385,557,304,577,621,465,457
ENSG00000091164,1418,1021,1592,809,1580,1435,1233,1100
ENSG00000091181,0,0,0,0,0,1,0,0
ENSG00000091262,136,59,207,53,224,165,155,57
ENSG00000091317,1451,1781,1827,1654,1867,3321,1381,2399
ENSG00000091409,113,95,429,401,312,568,194,324
ENSG00000091428,58,27,43,9,65,31,47,23
ENSG00000091436,4849,4012,4794,2621,5759,6193,3920,3830
ENSG00000091482,0,0,0,1,0,0,0,0
ENSG00000091483,851,837,821,646,1117,1514,789,1178
ENSG00000091490,1481,693,2455,965,1995,2380,2112,1361
ENSG00000091513,6,1,13,3,19,10,10,21
ENSG00000091527,3377,4918,4509,4454,4544,9184,3169,5519
ENSG00000091536,48,48,69,20,43,54,58,35
ENSG00000091542,1388,1230,1718,947,1627,2170,1463,1214
ENSG00000091583,0,0,0,0,0,0,0,1
ENSG00000091592,1670,1189,2042,1020,1661,1804,1490,1396
ENSG00000091622,35,16,38,16,59,32,41,25
ENSG00000091640,749,847,1044,632,779,946,621,665
ENSG00000091651,44,25,55,23,53,59,43,32
ENSG00000091656,862,511,1101,413,1116,1473,813,836
ENSG00000091664,0,0,0,0,0,0,0,0
ENSG00000091704,3,2,16,4,5,3,1,2
ENSG00000091732,213,193,287,154,264,332,212,199
ENSG00000091831,43,18,76,13,27,19,60,28
ENSG00000091844,139,72,58,26,115,84,107,67
ENSG00000091879,2,0,0,1,14,7,1,3
ENSG00000091947,473,419,507,247,479,478,380,383
ENSG00000091972,21,20,151,50,54,47,47,55
ENSG00000091986,105505,96830,202413,110598,68921,120738,143058,164559
ENSG00000092009,0,0,1,2,3,2,3,3
ENSG00000092010,1522,1355,1824,998,1791,1856,1361,1227
ENSG00000092020,270,255,343,252,409,462,173,194
ENSG00000092036,136,158,160,96,132,144,96,122
ENSG00000092051,2,0,1,0,0,0,0,0
ENSG00000092054,0,0,0,0,0,0,0,0
ENSG00000092067,0,0,0,0,0,1,0,0
ENSG00000092068,1632,2311,1505,2028,1561,1386,950,2865
ENSG00000092094,329,236,368,163,400,408,298,248
ENSG00000092096,507,383,391,179,485,621,416,316
ENSG00000092098,322,253,344,164,308,406,261,290
ENSG00000092108,1045,913,1347,748,1356,1567,938,960
ENSG00000092140,312,296,330,240,348,457,281,355
ENSG00000092148,5957,4705,7809,4594,6667,6473,6969,7057
ENSG00000092199,4622,4782,5928,3542,6152,7031,4595,4589
ENSG00000092200,4,5,4,2,7,8,3,4
ENSG00000092201,2557,2211,2919,1726,3054,3387,2316,2276
ENSG00000092203,1496,1351,1710,937,1850,2060,1239,1373
ENSG00000092208,91,67,93,65,70,84,61,74
ENSG00000092295,17,14,22,8,9,21,13,8
ENSG00000092330,823,628,961,495,853,954,696,722
ENSG00000092345,1,0,0,1,0,0,0,1
ENSG00000092377,0,0,0,0,0,1,0,0
ENSG00000092421,48,36,80,16,35,77,21,27
ENSG00000092439,1632,1627,2023,1310,2091,2497,2018,2112
ENSG00000092445,546,312,492,242,554,464,587,415
ENSG00000092470,107,87,102,52,124,86,96,76
ENSG00000092529,9,19,21,6,11,18,14,18
ENSG00000092531,666,592,898,552,929,1088,506,600
ENSG00000092607,2,0,5,4,3,1,3,3
ENSG00000092621,1851,764,2622,524,1279,603,1903,566
ENSG00000092758,3,3,8,1,6,4,4,4